{
"type": "FeatureCollection",
"name": "chunks",
"crs": { "type": "name", "properties": { "name": "urn:ogc:def:crs:OGC:1.3:CRS84" } },
"features": [
{ "type": "Feature", "properties": { "label": "A1", "width_mm": 162.75, "height_mm": 207.375, "area_km2": 3.0450268020253435, "fill": 0.81322281626110104, "vertices": 1148 }, "geometry": { "type": "Polygon", "coordinates": [ [ [ -73.936566419266583, 40.861487946459441 ], [ -73.9365069, 40.8615764 ], [ -73.9364361, 40.8617097 ], [ -73.9362419, 40.8620485 ], [ -73.9360929, 40.8623051 ], [ -73.9359815, 40.862476499999985 ], [ -73.9358563, 40.8626451 ], [ -73.9356737, 40.8628378 ], [ -73.9355415, 40.8629658 ], [ -73.935477, 40.8630497 ], [ -73.9353782, 40.863215500000017 ], [ -73.9352042, 40.863416599999987 ], [ -73.935013, 40.8636843 ], [ -73.9347586, 40.864053600000027 ], [ -73.9345304, 40.864373199999989 ], [ -73.934365, 40.8646349 ], [ -73.9343397, 40.864761600000016 ], [ -73.9342703, 40.8648449 ], [ -73.9341421, 40.8649896 ], [ -73.9339431, 40.865271700000015 ], [ -73.93382, 40.86542080000001 ], [ -73.933554, 40.8658023 ], [ -73.9333934, 40.8660549 ], [ -73.9332423, 40.8663165 ], [ -73.9329337, 40.866769 ], [ -73.9327608, 40.8670559 ], [ -73.9326555, 40.867239 ], [ -73.932612700000021, 40.8673222 ], [ -73.9325516, 40.8674138 ], [ -73.9325187, 40.8674351 ], [ -73.9324874, 40.867476 ], [ -73.9324517, 40.8675285 ], [ -73.9324357, 40.8675852 ], [ -73.9324121, 40.8676592 ], [ -73.9323987, 40.867737799999979 ], [ -73.932365, 40.867763300000014 ], [ -73.93236, 40.8678258 ], [ -73.932357, 40.867883699999986 ], [ -73.9323726, 40.8679016 ], [ -73.9323719, 40.8679433 ], [ -73.9323662, 40.8679626 ], [ -73.932357, 40.8679818 ], [ -73.932351, 40.868000100000025 ], [ -73.9323705, 40.8680234 ], [ -73.9323806, 40.868068 ], [ -73.9323835, 40.868125100000015 ], [ -73.9323719, 40.8681835 ], [ -73.9323524, 40.8682496 ], [ -73.9323324, 40.868307400000013 ], [ -73.9323108, 40.8683485 ], [ -73.9322943, 40.868372700000016 ], [ -73.9322996, 40.8684016 ], [ -73.9323123, 40.868426 ], [ -73.9323055, 40.868459499999986 ], [ -73.9322761, 40.8684762 ], [ -73.9323024, 40.8684954 ], [ -73.9323131, 40.8685141 ], [ -73.9323169, 40.868537700000012 ], [ -73.9323113, 40.8685575 ], [ -73.9322957, 40.868578 ], [ -73.9323275, 40.8685859 ], [ -73.9323159, 40.8686136 ], [ -73.9323049, 40.8686397 ], [ -73.9322781, 40.868633100000018 ], [ -73.9322779, 40.8686461 ], [ -73.9322582, 40.868681 ], [ -73.9322822, 40.8687039 ], [ -73.9323077, 40.8687313 ], [ -73.9323171, 40.868764 ], [ -73.9323176, 40.868809400000018 ], [ -73.9323176, 40.8688571 ], [ -73.9323085, 40.8688772 ], [ -73.9323178, 40.868898899999984 ], [ -73.9323417, 40.8689301 ], [ -73.9323705, 40.8689483 ], [ -73.9324062, 40.8689547 ], [ -73.9324637, 40.86895280000001 ], [ -73.9324986, 40.868938100000015 ], [ -73.9325469, 40.8689214 ], [ -73.9325906, 40.868938700000015 ], [ -73.9325973, 40.868981800000014 ], [ -73.9325872, 40.8690198 ], [ -73.9325664, 40.869068500000012 ], [ -73.9325409, 40.8691101 ], [ -73.9325114, 40.86914920000001 ], [ -73.9324686, 40.8691846 ], [ -73.9324256, 40.8691994 ], [ -73.9323651, 40.8692029 ], [ -73.9323122, 40.8691928 ], [ -73.9321922, 40.8693561 ], [ -73.9321492, 40.8694181 ], [ -73.9321315, 40.8694294 ], [ -73.932125, 40.8694432 ], [ -73.932101, 40.8694404 ], [ -73.9320852, 40.8694587 ], [ -73.9320349, 40.869561400000016 ], [ -73.9320284, 40.8695914 ], [ -73.932012700000016, 40.8696635 ], [ -73.9320075, 40.8696818 ], [ -73.9321186, 40.8697653 ], [ -73.9321746, 40.8698047 ], [ -73.9322089, 40.869852899999984 ], [ -73.9322261, 40.8699206 ], [ -73.9322232, 40.8700142 ], [ -73.9322027, 40.870133199999984 ], [ -73.9321686, 40.8702495 ], [ -73.9321459, 40.8703484 ], [ -73.9320845, 40.8705438 ], [ -73.932046, 40.8707177 ], [ -73.9320231, 40.8708125 ], [ -73.9319869, 40.8709386 ], [ -73.931958, 40.871045100000011 ], [ -73.9319173, 40.8711483 ], [ -73.9318425, 40.8712686 ], [ -73.9317763, 40.871355 ], [ -73.9317462, 40.8714129 ], [ -73.9317114, 40.8714541 ], [ -73.9316886, 40.871495 ], [ -73.9316528, 40.8715346 ], [ -73.9316191, 40.871573700000013 ], [ -73.9314973, 40.8717916 ], [ -73.9314685, 40.8718416 ], [ -73.9314483, 40.871889199999984 ], [ -73.93143160000001, 40.8719426 ], [ -73.9314147, 40.8720023 ], [ -73.9314008, 40.872051 ], [ -73.9313853, 40.872103 ], [ -73.9313576, 40.872159600000025 ], [ -73.931301, 40.8722275 ], [ -73.9312421, 40.8723198 ], [ -73.9312151, 40.87236930000001 ], [ -73.9311996, 40.8723989 ], [ -73.931177, 40.8724371 ], [ -73.9311517, 40.872474799999978 ], [ -73.9311336, 40.8725089 ], [ -73.9311218, 40.872554699999988 ], [ -73.9310933, 40.8725898 ], [ -73.9310677, 40.8726373 ], [ -73.9310458, 40.872680699999989 ], [ -73.931029, 40.8727135 ], [ -73.9309904, 40.8727527 ], [ -73.9309528, 40.8727786 ], [ -73.9309329, 40.8728051 ], [ -73.9309098, 40.8728358 ], [ -73.9308625, 40.8728892 ], [ -73.930834, 40.872933600000025 ], [ -73.9308131, 40.8729723 ], [ -73.9307956, 40.8730123 ], [ -73.930775400000016, 40.873055400000013 ], [ -73.9307507, 40.8731182 ], [ -73.930729600000021, 40.8731543 ], [ -73.9307063, 40.8732022 ], [ -73.9306816, 40.873242500000011 ], [ -73.930649, 40.873293899999986 ], [ -73.9306284, 40.8733269 ], [ -73.9306047, 40.8733534 ], [ -73.9305937, 40.873384 ], [ -73.930567, 40.8734138 ], [ -73.930548, 40.8734596 ], [ -73.9305144, 40.8735072 ], [ -73.9305043, 40.8735257 ], [ -73.9305002, 40.8735385 ], [ -73.930473, 40.873587600000029 ], [ -73.9304402, 40.8736391 ], [ -73.9304159, 40.8736761 ], [ -73.9304017, 40.8736875 ], [ -73.9303849, 40.87370880000001 ], [ -73.9303697, 40.8737344 ], [ -73.930347, 40.8737686 ], [ -73.930325700000012, 40.8738139 ], [ -73.9302895, 40.8738823 ], [ -73.9302407, 40.8739555 ], [ -73.9302042, 40.8740186 ], [ -73.9301602, 40.8740875 ], [ -73.9300898, 40.8741844 ], [ -73.9300427, 40.87424810000001 ], [ -73.9300021, 40.874298600000017 ], [ -73.9299439, 40.874362700000034 ], [ -73.9299131, 40.874392 ], [ -73.9298805, 40.8744249 ], [ -73.9298697, 40.8744462 ], [ -73.929841, 40.8744816 ], [ -73.9298178, 40.8745245 ], [ -73.929792, 40.8745765 ], [ -73.9297703, 40.874617900000011 ], [ -73.9297562, 40.8746388 ], [ -73.9297387, 40.8746557 ], [ -73.9297291, 40.8746798 ], [ -73.92969, 40.8747217 ], [ -73.9294199, 40.875166 ], [ -73.9293005, 40.87537540000001 ], [ -73.9292558, 40.875453 ], [ -73.9292253, 40.875503500000022 ], [ -73.9292004, 40.875538 ], [ -73.9291682, 40.8755766 ], [ -73.9291423, 40.875613799999982 ], [ -73.9291126, 40.875651600000012 ], [ -73.9290546, 40.8757197 ], [ -73.9289906, 40.8757922 ], [ -73.9289292, 40.8758483 ], [ -73.92880390000002, 40.8759287 ], [ -73.9286748, 40.87604790000001 ], [ -73.9285083, 40.87617740000001 ], [ -73.9284433, 40.876241700000016 ], [ -73.9283727, 40.8763151 ], [ -73.9283186, 40.8763718 ], [ -73.9282562, 40.87642790000001 ], [ -73.9281875, 40.8764853 ], [ -73.9281216, 40.87654040000001 ], [ -73.9280589, 40.8765889 ], [ -73.9279577, 40.876628500000017 ], [ -73.9277588, 40.8766695 ], [ -73.927663, 40.8766861 ], [ -73.9275646, 40.8767102 ], [ -73.9274685, 40.8767527 ], [ -73.9273872, 40.8768024 ], [ -73.9273212, 40.8768594 ], [ -73.9272283, 40.8769474 ], [ -73.9271322, 40.8770425 ], [ -73.9270359, 40.8771378 ], [ -73.9267194, 40.8774366 ], [ -73.9266722, 40.877487300000027 ], [ -73.926617800000017, 40.8775467 ], [ -73.9265488, 40.8775995 ], [ -73.926514, 40.8776136 ], [ -73.9264715, 40.8776164 ], [ -73.9264306, 40.8776057 ], [ -73.926405, 40.8776305 ], [ -73.926294700000014, 40.877571500000023 ], [ -73.9263138, 40.877552 ], [ -73.9262893, 40.877536 ], [ -73.9262753, 40.877514200000014 ], [ -73.9262761, 40.877490400000021 ], [ -73.926319, 40.877449699999985 ], [ -73.9263692, 40.8774148 ], [ -73.9264061, 40.8773961 ], [ -73.9264322, 40.877358 ], [ -73.926455, 40.8773275 ], [ -73.9264606, 40.8772951 ], [ -73.9264574, 40.8772597 ], [ -73.9264471, 40.8772338 ], [ -73.9264339, 40.87720860000001 ], [ -73.9264185, 40.8771763 ], [ -73.9263844, 40.8771573 ], [ -73.9263445, 40.877138 ], [ -73.9262775, 40.877112599999982 ], [ -73.9262174, 40.8770936 ], [ -73.9261703, 40.8770819 ], [ -73.9261269, 40.8770711 ], [ -73.9260378, 40.8770549 ], [ -73.9259486, 40.877046300000018 ], [ -73.9258452, 40.8770476 ], [ -73.9257838, 40.877053500000017 ], [ -73.925733, 40.8770625 ], [ -73.9256311, 40.8770836 ], [ -73.9255074, 40.8771239 ], [ -73.9253612, 40.877175199999989 ], [ -73.9252823, 40.8772041 ], [ -73.9252295, 40.8772255 ], [ -73.9251877, 40.877254200000024 ], [ -73.9251454, 40.8772917 ], [ -73.9251339, 40.8773372 ], [ -73.9251118, 40.877366100000032 ], [ -73.9250897, 40.8773875 ], [ -73.9250595, 40.8774 ], [ -73.9250287, 40.8773976 ], [ -73.924977, 40.877396 ], [ -73.9249514, 40.8774008 ], [ -73.9249233, 40.8774183 ], [ -73.9248918, 40.877430499999988 ], [ -73.9248592, 40.8774272 ], [ -73.9248321, 40.8774188 ], [ -73.924798, 40.8774133 ], [ -73.9247746, 40.8774316 ], [ -73.9247512, 40.8774478 ], [ -73.9247237, 40.8774502 ], [ -73.9246779, 40.877444700000012 ], [ -73.9246297, 40.8774285 ], [ -73.9245444, 40.8774102 ], [ -73.9244586, 40.8774006 ], [ -73.9243711, 40.877394 ], [ -73.9242408, 40.8773772 ], [ -73.9241412, 40.8773611 ], [ -73.9239499, 40.8773393 ], [ -73.9237941, 40.8773246 ], [ -73.923662, 40.8773144 ], [ -73.9235296, 40.8773062 ], [ -73.9234026, 40.8772921 ], [ -73.923324600000015, 40.877278300000022 ], [ -73.923254, 40.8772636 ], [ -73.9232145, 40.877251700000016 ], [ -73.9231941, 40.8772455 ], [ -73.9231776, 40.877238499999983 ], [ -73.9229756, 40.87711740000001 ], [ -73.9229074, 40.87708030000001 ], [ -73.9227837, 40.8770118 ], [ -73.922696, 40.8769574 ], [ -73.9226533, 40.8769352 ], [ -73.9226388, 40.8769357 ], [ -73.9226224, 40.8769394 ], [ -73.9226027, 40.8769392 ], [ -73.9225838, 40.8769301 ], [ -73.9225734, 40.876917 ], [ -73.922578, 40.8769022 ], [ -73.9225765, 40.8768862 ], [ -73.9225785, 40.8768708 ], [ -73.9225691, 40.8768597 ], [ -73.9225537, 40.8768647 ], [ -73.9225399, 40.876876499999987 ], [ -73.9225228, 40.876886 ], [ -73.9224967, 40.876864699999985 ], [ -73.9224751, 40.8768373 ], [ -73.9224647, 40.8768211 ], [ -73.9224465, 40.8768024 ], [ -73.9224304, 40.8767816 ], [ -73.9224183, 40.876765399999975 ], [ -73.9224169, 40.8767486 ], [ -73.9224175, 40.876734299999988 ], [ -73.9224323, 40.8767157 ], [ -73.9224228, 40.8767025 ], [ -73.9224069, 40.8766858 ], [ -73.9223928, 40.8766544 ], [ -73.9223774, 40.8766235 ], [ -73.9223806, 40.87658990000002 ], [ -73.9224005, 40.8765657 ], [ -73.9224149, 40.8765412 ], [ -73.9224036, 40.876525 ], [ -73.9223882, 40.8765022 ], [ -73.922376, 40.87648140000001 ], [ -73.9223731, 40.876455 ], [ -73.9223798, 40.8764332 ], [ -73.9223827, 40.8764084 ], [ -73.9223853, 40.8763815 ], [ -73.9223847, 40.8763521 ], [ -73.9223874, 40.876328900000019 ], [ -73.9223826, 40.8762802 ], [ -73.9223867, 40.876249 ], [ -73.9223968, 40.8762198 ], [ -73.9224007, 40.8761954 ], [ -73.9224042, 40.87616809999998 ], [ -73.9224095, 40.8761442 ], [ -73.9224035, 40.876124 ], [ -73.922413, 40.8761052 ], [ -73.9224249, 40.8760763 ], [ -73.9224316, 40.87604540000001 ], [ -73.9224282, 40.8760149 ], [ -73.9224169, 40.875989 ], [ -73.9224069, 40.8759607 ], [ -73.9223995, 40.8759298 ], [ -73.9223973, 40.8758988 ], [ -73.9224156, 40.875875 ], [ -73.9224268, 40.8758558 ], [ -73.9224134, 40.875832400000014 ], [ -73.9224143, 40.875807100000024 ], [ -73.9224243, 40.875780699999986 ], [ -73.9224378, 40.875766 ], [ -73.922439, 40.8757503 ], [ -73.9224356, 40.8757239 ], [ -73.9224437, 40.8756945 ], [ -73.9224504, 40.875658 ], [ -73.922463, 40.8756255 ], [ -73.9224807, 40.8756048 ], [ -73.922498, 40.8755834 ], [ -73.9225174, 40.8755596 ], [ -73.9225244, 40.8755409 ], [ -73.9225255, 40.8755151 ], [ -73.9225328, 40.8754922 ], [ -73.9225484, 40.875469 ], [ -73.922555, 40.875445500000012 ], [ -73.9225543, 40.875429300000015 ], [ -73.9225598, 40.8754115 ], [ -73.9225764, 40.8753852 ], [ -73.922584400000019, 40.8753624 ], [ -73.9226007, 40.8753437 ], [ -73.922608100000019, 40.8753285 ], [ -73.9225926, 40.8753137 ], [ -73.9225734, 40.8752995 ], [ -73.9225711, 40.8752802 ], [ -73.9225837, 40.875265500000012 ], [ -73.9226039, 40.875253300000011 ], [ -73.9226301, 40.8752529 ], [ -73.9226543, 40.8752619 ], [ -73.9226698, 40.8752545 ], [ -73.9226698, 40.875236600000015 ], [ -73.9226623, 40.875213800000012 ], [ -73.9226684, 40.8751885 ], [ -73.9226827, 40.8751637 ], [ -73.9226856, 40.8751205 ], [ -73.9226797, 40.87509270000001 ], [ -73.922667, 40.8750658 ], [ -73.9226623, 40.8750318 ], [ -73.9226637, 40.8750045 ], [ -73.9226695, 40.8749694 ], [ -73.9226742, 40.874944500000012 ], [ -73.9226791, 40.874911200000014 ], [ -73.9226804, 40.874871600000013 ], [ -73.9226819, 40.874847800000012 ], [ -73.9226783, 40.8748087 ], [ -73.9226758, 40.8747783 ], [ -73.922651, 40.8746765 ], [ -73.9226354, 40.874587200000015 ], [ -73.9226139, 40.874509 ], [ -73.9226062, 40.87446 ], [ -73.9226063, 40.8744067 ], [ -73.922591200000014, 40.8743529 ], [ -73.922571, 40.87430470000001 ], [ -73.9225518, 40.874255500000011 ], [ -73.9224579, 40.8741207 ], [ -73.922391500000018, 40.874009200000025 ], [ -73.9223101, 40.8739068 ], [ -73.9222853, 40.873887900000014 ], [ -73.9222753, 40.8738595 ], [ -73.9222589, 40.8738227 ], [ -73.922238, 40.87378660000001 ], [ -73.9222077, 40.8737394 ], [ -73.9221808, 40.8737055 ], [ -73.9221251, 40.873648600000017 ], [ -73.922077, 40.873608 ], [ -73.9220117, 40.873567 ], [ -73.9219683, 40.873529400000017 ], [ -73.9219383, 40.8735062 ], [ -73.9218838, 40.8734666 ], [ -73.9218423, 40.8734499 ], [ -73.9218089, 40.8734246 ], [ -73.9217659, 40.873385600000013 ], [ -73.921739, 40.8733647 ], [ -73.9216927, 40.8733313 ], [ -73.9216304, 40.8732892 ], [ -73.9215854, 40.873239400000017 ], [ -73.9215449, 40.8732065 ], [ -73.921488, 40.8731715 ], [ -73.921395700000019, 40.873131499999985 ], [ -73.9212574, 40.8730837 ], [ -73.9210965, 40.873039600000027 ], [ -73.9209303, 40.8730068 ], [ -73.9208242, 40.872998500000016 ], [ -73.920731, 40.872988400000011 ], [ -73.9206898, 40.872988 ], [ -73.9206731, 40.8729982 ], [ -73.9206518, 40.87299680000001 ], [ -73.9206064, 40.872994 ], [ -73.92053, 40.872998500000016 ], [ -73.9204515, 40.8730118 ], [ -73.9203923, 40.8730382 ], [ -73.920349, 40.873063 ], [ -73.9202925, 40.8730954 ], [ -73.9202321, 40.8731329 ], [ -73.9201638, 40.8731755 ], [ -73.9201175, 40.873214 ], [ -73.9200606, 40.8732597 ], [ -73.9200156, 40.8733181 ], [ -73.9199811, 40.8733629 ], [ -73.9199606, 40.873393 ], [ -73.9199546, 40.8734211 ], [ -73.9199598, 40.873446099999988 ], [ -73.9199635, 40.8734642 ], [ -73.9199786, 40.873481 ], [ -73.9199807, 40.8735163 ], [ -73.9199732, 40.8735462 ], [ -73.9199673, 40.873573100000016 ], [ -73.9199447, 40.87360060000001 ], [ -73.9199187, 40.873614 ], [ -73.9199205, 40.873635900000011 ], [ -73.919926, 40.8736579 ], [ -73.9199392, 40.8736811 ], [ -73.9199525, 40.87370640000001 ], [ -73.9199575, 40.8737449 ], [ -73.919966, 40.8737718 ], [ -73.9199741, 40.8738069 ], [ -73.9199822, 40.873830100000013 ], [ -73.919978, 40.8738458 ], [ -73.91998, 40.8738544 ], [ -73.9199934, 40.87384380000001 ], [ -73.9201261, 40.8739234 ], [ -73.9201418, 40.8739082 ], [ -73.9201648, 40.8739229 ], [ -73.9201504, 40.8739376 ], [ -73.9201951, 40.8739645 ], [ -73.9202122, 40.8739494 ], [ -73.9202336, 40.8739634 ], [ -73.9202182, 40.8739782 ], [ -73.9204424, 40.874113200000018 ], [ -73.9205032, 40.874164800000017 ], [ -73.9205397, 40.8741486 ], [ -73.9205942, 40.874195200000017 ], [ -73.9206333, 40.8742468 ], [ -73.9206583, 40.874278900000036 ], [ -73.9206917, 40.874329100000011 ], [ -73.920717, 40.8743868 ], [ -73.9206874, 40.874398499999977 ], [ -73.9206997, 40.8744295 ], [ -73.9207377, 40.8744644 ], [ -73.9207639, 40.874482200000017 ], [ -73.9207848, 40.874508 ], [ -73.9207888, 40.8745354 ], [ -73.9207847, 40.8745552 ], [ -73.9207975, 40.8745755 ], [ -73.920815, 40.8746009 ], [ -73.9208632, 40.874663200000015 ], [ -73.9208927, 40.874701199999976 ], [ -73.9209335, 40.8747661 ], [ -73.9209839, 40.8748447 ], [ -73.92103, 40.874906 ], [ -73.921077, 40.8749689 ], [ -73.9211113, 40.8750181 ], [ -73.9211395, 40.8750582 ], [ -73.9211695, 40.8750896 ], [ -73.9211864, 40.8751114 ], [ -73.9211917, 40.8751388 ], [ -73.9211851, 40.87516 ], [ -73.9211777, 40.8751854 ], [ -73.9211561, 40.87521430000001 ], [ -73.921133, 40.8752476 ], [ -73.9211119, 40.875274199999986 ], [ -73.9210878, 40.8753061 ], [ -73.9210656, 40.8753269 ], [ -73.9210497, 40.8753487 ], [ -73.9210422, 40.875368500000015 ], [ -73.9210154, 40.8753816 ], [ -73.9210014, 40.8753995 ], [ -73.9209875, 40.8754173 ], [ -73.9209692, 40.8754329 ], [ -73.9209434, 40.8754461 ], [ -73.9209256, 40.8754587 ], [ -73.920913, 40.8754735 ], [ -73.9208935, 40.8754841 ], [ -73.920869, 40.8754826 ], [ -73.9208431, 40.8754775 ], [ -73.9208107, 40.8754701 ], [ -73.9207693, 40.8754546 ], [ -73.9207197, 40.875431899999988 ], [ -73.9206479, 40.875407500000023 ], [ -73.9205762, 40.8753903 ], [ -73.9205081, 40.87536320000001 ], [ -73.9202911, 40.8752625 ], [ -73.9201953, 40.8752234 ], [ -73.9201027, 40.875186 ], [ -73.9200703, 40.8751749 ], [ -73.9200361, 40.8751549 ], [ -73.9200073, 40.875134400000015 ], [ -73.9199703, 40.875113699999979 ], [ -73.9199671, 40.8751122 ], [ -73.9199144, 40.875088 ], [ -73.9197151, 40.87501 ], [ -73.9195615, 40.8749511 ], [ -73.91941, 40.8748913 ], [ -73.9192807, 40.8748473 ], [ -73.9191203, 40.8747869 ], [ -73.9190292, 40.8747481 ], [ -73.918957, 40.8747109 ], [ -73.9189052, 40.8746774 ], [ -73.9188751, 40.8746597 ], [ -73.9188476, 40.8746282 ], [ -73.9188489, 40.8746003 ], [ -73.9188635, 40.874576 ], [ -73.9188904, 40.874561300000018 ], [ -73.9188954, 40.8745422 ], [ -73.9189047, 40.874521800000011 ], [ -73.9189218, 40.874501899999984 ], [ -73.9189366, 40.8744827 ], [ -73.9189622, 40.8744664 ], [ -73.9189889, 40.874463900000023 ], [ -73.91901, 40.874456400000021 ], [ -73.9190285, 40.874438100000013 ], [ -73.9190325, 40.8744168 ], [ -73.919046, 40.8743955 ], [ -73.9190747, 40.8743686 ], [ -73.9190977, 40.8743484 ], [ -73.9191339, 40.874307800000011 ], [ -73.9191698, 40.8742389 ], [ -73.9191888, 40.8742099 ], [ -73.9192143, 40.874160299999986 ], [ -73.9192286, 40.8741206 ], [ -73.9192348, 40.874080200000016 ], [ -73.9192485, 40.874018300000024 ], [ -73.9192605, 40.873958900000012 ], [ -73.9192672, 40.8739188 ], [ -73.9192706, 40.8738707 ], [ -73.91927, 40.873820099999989 ], [ -73.9192674, 40.8737745 ], [ -73.9192673, 40.873724200000012 ], [ -73.9192648, 40.8737008 ], [ -73.9192697, 40.8736832 ], [ -73.9192757, 40.8736685 ], [ -73.9192687, 40.87364460000002 ], [ -73.9192499, 40.87362370000001 ], [ -73.9192366, 40.8736107 ], [ -73.9192044, 40.8735772 ], [ -73.9191485, 40.8735152 ], [ -73.9190615, 40.873421 ], [ -73.919001, 40.8733657 ], [ -73.9189396, 40.8733281 ], [ -73.9187947, 40.8732511 ], [ -73.9187623, 40.8732313 ], [ -73.9187115, 40.873238 ], [ -73.9186853, 40.8732763 ], [ -73.9186593, 40.8733049 ], [ -73.9186377, 40.8733272 ], [ -73.918604, 40.8733474 ], [ -73.9185813, 40.873353 ], [ -73.9186093, 40.8733738 ], [ -73.9186316, 40.8733931 ], [ -73.9186411, 40.873423599999981 ], [ -73.9186383, 40.8734565 ], [ -73.9186269, 40.8734787 ], [ -73.9186087, 40.8735 ], [ -73.918579100000017, 40.8735085 ], [ -73.9185505, 40.8735194 ], [ -73.918448, 40.8735937 ], [ -73.9184205, 40.8736137 ], [ -73.9184003, 40.8736406 ], [ -73.9183386, 40.873686800000023 ], [ -73.9182729, 40.8737332 ], [ -73.9182479, 40.8737478 ], [ -73.9182193, 40.8737506 ], [ -73.9181934, 40.8737579 ], [ -73.9181689, 40.873782 ], [ -73.918162, 40.873803 ], [ -73.918147500000018, 40.873828099999983 ], [ -73.9181177, 40.8738449 ], [ -73.918088, 40.8738453 ], [ -73.9179624, 40.8738975 ], [ -73.9178806, 40.8739305 ], [ -73.9178673, 40.873925 ], [ -73.9178454, 40.873925800000031 ], [ -73.9178217, 40.8739328 ], [ -73.9177925, 40.8739534 ], [ -73.9177802, 40.8739752 ], [ -73.9177591, 40.8739933 ], [ -73.9177235, 40.87400860000001 ], [ -73.9176867, 40.8740273 ], [ -73.9175637, 40.8740776 ], [ -73.917153, 40.8742459 ], [ -73.9164217, 40.8745441 ], [ -73.9163866, 40.8745537 ], [ -73.9163416, 40.8745598 ], [ -73.9154982, 40.87455580000001 ], [ -73.9154478, 40.8745557 ], [ -73.915414100000021, 40.8745507 ], [ -73.9149014, 40.8744397 ], [ -73.9138711, 40.874204400000011 ], [ -73.9138105, 40.874191 ], [ -73.9129483, 40.8739717 ], [ -73.9129064, 40.8739586 ], [ -73.9128634, 40.8739417 ], [ -73.911863, 40.8735462 ], [ -73.9118268, 40.8735305 ], [ -73.9117893, 40.8735051 ], [ -73.9110847, 40.872914100000017 ], [ -73.910803, 40.8725225 ], [ -73.9105411, 40.872158499999976 ], [ -73.9105365, 40.8719408 ], [ -73.9105281, 40.8719024 ], [ -73.9105107, 40.871877 ], [ -73.9104999, 40.8718466 ], [ -73.9104887, 40.871777700000017 ], [ -73.9104764, 40.8717309 ], [ -73.9104696, 40.871691399999989 ], [ -73.9104663, 40.871637600000014 ], [ -73.9104555, 40.8715657 ], [ -73.9104516, 40.871512 ], [ -73.9104407, 40.8714824 ], [ -73.910438700000014, 40.8714622 ], [ -73.9104582, 40.871451 ], [ -73.9104616, 40.8714333 ], [ -73.910451, 40.871403800000017 ], [ -73.9104417, 40.8713796 ], [ -73.9104609, 40.8713527 ], [ -73.9104851, 40.871333 ], [ -73.9105022, 40.871316 ], [ -73.9105187, 40.871294900000017 ], [ -73.9105293, 40.8712746 ], [ -73.910546, 40.8712573 ], [ -73.9105388, 40.8712367 ], [ -73.9105301, 40.8712148 ], [ -73.9105381, 40.871196 ], [ -73.910556, 40.87117820000001 ], [ -73.9105822, 40.8711671 ], [ -73.9106059, 40.871156 ], [ -73.9106125, 40.8711387 ], [ -73.9106138, 40.871119900000011 ], [ -73.9106154, 40.8710993 ], [ -73.9106272, 40.8710819 ], [ -73.9106499, 40.8710727 ], [ -73.9106668, 40.8710616 ], [ -73.9106689, 40.8710429 ], [ -73.9106681, 40.8710267 ], [ -73.9106855, 40.871010900000016 ], [ -73.9107078, 40.8710013 ], [ -73.9107206, 40.8709898 ], [ -73.9107204, 40.8709755 ], [ -73.910731, 40.8709632 ], [ -73.9107297, 40.8709501 ], [ -73.9107203, 40.8709247 ], [ -73.9106995, 40.870897800000016 ], [ -73.9106828, 40.8708684 ], [ -73.9106764, 40.870845099999968 ], [ -73.9106818, 40.870826 ], [ -73.9107038, 40.870805700000012 ], [ -73.9107163, 40.8707838 ], [ -73.9107237, 40.870735600000017 ], [ -73.910729, 40.8707087 ], [ -73.9107371, 40.8706884 ], [ -73.9107404, 40.8706646 ], [ -73.9107498, 40.870622 ], [ -73.9107599, 40.8705941 ], [ -73.9107674, 40.8705709 ], [ -73.9107699, 40.870526700000013 ], [ -73.9107561, 40.870501 ], [ -73.9107454, 40.8704602 ], [ -73.9107433, 40.870419700000021 ], [ -73.9107377, 40.870388700000014 ], [ -73.9107552, 40.870359400000012 ], [ -73.9107649, 40.8703356 ], [ -73.91078, 40.870302499999987 ], [ -73.9107842, 40.870283299999983 ], [ -73.9107787, 40.870264 ], [ -73.9107773, 40.8702381 ], [ -73.9107889, 40.8702119 ], [ -73.9107848, 40.870187 ], [ -73.9107773, 40.8701545 ], [ -73.9107714, 40.8701277 ], [ -73.9107786, 40.8700977 ], [ -73.9107968, 40.8700906 ], [ -73.9107985, 40.8700712 ], [ -73.9107995, 40.8700501 ], [ -73.9108121, 40.870031 ], [ -73.9108179, 40.8700138 ], [ -73.910814, 40.869995799999984 ], [ -73.9108123, 40.8699738 ], [ -73.9108232, 40.869952499999989 ], [ -73.9108156, 40.8699379 ], [ -73.9108215, 40.8699204 ], [ -73.9108361, 40.8699077 ], [ -73.9108383, 40.8698896 ], [ -73.9108366, 40.8698618 ], [ -73.9108459, 40.869842899999988 ], [ -73.9108489, 40.869824100000017 ], [ -73.9108485, 40.869805 ], [ -73.9108617, 40.8697731 ], [ -73.9108707, 40.8697523 ], [ -73.9108752, 40.8697131 ], [ -73.9108719, 40.869695 ], [ -73.9108658, 40.869674600000018 ], [ -73.9108633, 40.8696549 ], [ -73.9108813, 40.869628 ], [ -73.9108847, 40.8696047 ], [ -73.910897, 40.8695753 ], [ -73.9109048, 40.869546899999989 ], [ -73.9109033, 40.869531099999989 ], [ -73.9109144, 40.8695145 ], [ -73.9109194, 40.869495 ], [ -73.9109316, 40.8694749 ], [ -73.9109307, 40.8694465 ], [ -73.9109364, 40.869418100000011 ], [ -73.9109497, 40.8693911 ], [ -73.9109762, 40.869394 ], [ -73.9110062, 40.869389699999985 ], [ -73.9110458, 40.8694045 ], [ -73.9110759, 40.8694201 ], [ -73.911114, 40.8694403 ], [ -73.9111867, 40.8694632 ], [ -73.9113245, 40.8695174 ], [ -73.9113414, 40.8695218 ], [ -73.9113581, 40.86952 ], [ -73.9113703, 40.86950430000001 ], [ -73.9113809, 40.8694886 ], [ -73.9114098, 40.86948060000001 ], [ -73.9114481, 40.869479500000011 ], [ -73.911477, 40.869466700000032 ], [ -73.9114768, 40.8694455 ], [ -73.9114769, 40.8694237 ], [ -73.9114815, 40.8693981 ], [ -73.911472, 40.8693836 ], [ -73.9114561, 40.8693618 ], [ -73.9114215, 40.869348899999977 ], [ -73.9113678, 40.8693308 ], [ -73.911324, 40.8692989 ], [ -73.9112347, 40.869268 ], [ -73.9111531, 40.869231 ], [ -73.9111007, 40.869194 ], [ -73.9110377, 40.869162100000018 ], [ -73.9110483, 40.869136600000012 ], [ -73.9110585, 40.869096199999987 ], [ -73.9110737, 40.869056 ], [ -73.9110866, 40.8690266 ], [ -73.9110927, 40.86899990000002 ], [ -73.911114, 40.8689698 ], [ -73.9111309, 40.868940399999978 ], [ -73.9111486, 40.8689254 ], [ -73.9111578, 40.86890240000001 ], [ -73.9111676, 40.8688735 ], [ -73.9111851, 40.8688522 ], [ -73.9112104, 40.8688533 ], [ -73.9112343, 40.8688451 ], [ -73.911261700000011, 40.8688462 ], [ -73.9112802, 40.868830799999976 ], [ -73.9112997, 40.8688194 ], [ -73.9113277, 40.868803 ], [ -73.9113402, 40.8687868 ], [ -73.9113344, 40.8687672 ], [ -73.9113266, 40.8687375 ], [ -73.9113266, 40.8687112 ], [ -73.9113259, 40.868678699999975 ], [ -73.9113381, 40.8686418 ], [ -73.9113414, 40.868613400000015 ], [ -73.9113529, 40.868582 ], [ -73.9113635, 40.8685637 ], [ -73.9113568, 40.86855 ], [ -73.91135, 40.8685322 ], [ -73.911356, 40.8685144 ], [ -73.9113708, 40.868499199999988 ], [ -73.9113917, 40.868502700000015 ], [ -73.9114033, 40.868495 ], [ -73.9114063, 40.868478400000015 ], [ -73.911411200000018, 40.8684612 ], [ -73.9114287, 40.868438199999979 ], [ -73.911475, 40.868376599999984 ], [ -73.9114755, 40.8683538 ], [ -73.9114782, 40.868334 ], [ -73.9114828, 40.868315600000024 ], [ -73.9114909, 40.868298 ], [ -73.9115095, 40.8682809 ], [ -73.9115271, 40.868264800000027 ], [ -73.9115369, 40.868240300000018 ], [ -73.9115513, 40.86820980000001 ], [ -73.9115613, 40.8681889 ], [ -73.91158040000002, 40.8681751 ], [ -73.9116055, 40.8681549 ], [ -73.911629800000014, 40.868137600000026 ], [ -73.9116618, 40.8681042 ], [ -73.9116875, 40.8680824 ], [ -73.9117188, 40.8680626 ], [ -73.9117258, 40.868044 ], [ -73.9117309, 40.8680241 ], [ -73.9117404, 40.8679835 ], [ -73.911747, 40.867963699999983 ], [ -73.91173430000002, 40.8679328 ], [ -73.9117382, 40.867915600000011 ], [ -73.9117574, 40.8678974 ], [ -73.9117751, 40.8678689 ], [ -73.9117939, 40.867838 ], [ -73.9118162, 40.8678089 ], [ -73.9118438, 40.8677772 ], [ -73.9118711, 40.8677513 ], [ -73.9118987, 40.8677331 ], [ -73.9119092, 40.867709200000021 ], [ -73.911855, 40.867684400000016 ], [ -73.9119992, 40.8675018 ], [ -73.9120755, 40.867406899999985 ], [ -73.912188400000019, 40.867277300000012 ], [ -73.9122647, 40.867189 ], [ -73.9124254, 40.866993899999969 ], [ -73.9124799, 40.8669252 ], [ -73.912582, 40.8668005 ], [ -73.9126765, 40.8666839 ], [ -73.9127363, 40.8666104 ], [ -73.9125479, 40.8665307 ], [ -73.9132567, 40.8656164 ], [ -73.9134737, 40.865339 ], [ -73.9137314, 40.8650124 ], [ -73.913905, 40.8647811 ], [ -73.9139148, 40.864763599999989 ], [ -73.9139219, 40.864754200000014 ], [ -73.913941, 40.86474530000001 ], [ -73.9140768, 40.8647082 ], [ -73.9143081, 40.864638799999987 ], [ -73.9143265, 40.8646347 ], [ -73.9143923, 40.8646296 ], [ -73.9145562, 40.864614500000016 ], [ -73.9147433, 40.8645988 ], [ -73.9148378, 40.8645911 ], [ -73.914945100000011, 40.864585500000018 ], [ -73.9151148, 40.8644497 ], [ -73.9152865, 40.8644344 ], [ -73.9154345, 40.86442060000001 ], [ -73.915429, 40.8643818 ], [ -73.9157443, 40.8643528 ], [ -73.9157875, 40.8643515 ], [ -73.9158304, 40.864354800000029 ], [ -73.9158844, 40.8643503 ], [ -73.9159172, 40.8643356 ], [ -73.9159264, 40.864312600000012 ], [ -73.9159362, 40.8642848 ], [ -73.9159453, 40.86426 ], [ -73.9159435, 40.8642342 ], [ -73.9159356, 40.864201100000017 ], [ -73.9159115, 40.864165700000015 ], [ -73.91588, 40.864127100000019 ], [ -73.9158318, 40.864097600000015 ], [ -73.9157552, 40.8640738 ], [ -73.9156381, 40.8640576 ], [ -73.9155888, 40.864051599999989 ], [ -73.9155266, 40.864039799999986 ], [ -73.9154709, 40.8640311 ], [ -73.9154301, 40.8640155 ], [ -73.91539, 40.863999200000038 ], [ -73.9153423, 40.8639956 ], [ -73.9153057, 40.8639947 ], [ -73.9152709, 40.8639836 ], [ -73.9152495, 40.86396830000001 ], [ -73.9152316, 40.8639517 ], [ -73.915203100000014, 40.8639313 ], [ -73.9151897, 40.8638973 ], [ -73.9151803, 40.863872 ], [ -73.915184, 40.8638472 ], [ -73.9151936, 40.8638213 ], [ -73.9151822, 40.863796900000018 ], [ -73.9151701, 40.8637715 ], [ -73.9151822, 40.8637441 ], [ -73.9151809, 40.863721800000022 ], [ -73.9151789, 40.863693499999982 ], [ -73.9151844, 40.8636692 ], [ -73.915213, 40.8636493 ], [ -73.9152536, 40.8636246 ], [ -73.9152843, 40.8636027 ], [ -73.9153099, 40.8635931 ], [ -73.9153428, 40.8635778 ], [ -73.9153752, 40.8635519 ], [ -73.9153908, 40.8635318 ], [ -73.915408, 40.8634982 ], [ -73.915424, 40.8634632 ], [ -73.9154161, 40.863452099999989 ], [ -73.9154174, 40.8634425 ], [ -73.91542410000001, 40.86343380000001 ], [ -73.9154384, 40.8634263 ], [ -73.9154469, 40.8633983 ], [ -73.9154597, 40.8633739 ], [ -73.9154724, 40.8633497 ], [ -73.9154936, 40.863341 ], [ -73.9155117, 40.86332890000002 ], [ -73.9155033, 40.863305 ], [ -73.9154862, 40.863288900000022 ], [ -73.9154691, 40.8632695 ], [ -73.9154656, 40.8632492 ], [ -73.915462300000016, 40.863234 ], [ -73.9154707, 40.8632168 ], [ -73.9154289, 40.863198 ], [ -73.915357, 40.8631705 ], [ -73.9156235, 40.8628839 ], [ -73.9156846, 40.8629101 ], [ -73.9156963, 40.8628825 ], [ -73.9157384, 40.8628486 ], [ -73.9157686, 40.862817 ], [ -73.9157936, 40.862781200000022 ], [ -73.915829, 40.8627343 ], [ -73.9158557, 40.862711200000014 ], [ -73.9158993, 40.862692400000022 ], [ -73.91591440000002, 40.86266650000001 ], [ -73.9159485, 40.8626421 ], [ -73.91598590000001, 40.8626092 ], [ -73.9160066, 40.8625839 ], [ -73.9160471, 40.8625484 ], [ -73.9160704, 40.862523 ], [ -73.9160953, 40.8625037 ], [ -73.9161115, 40.862483 ], [ -73.9161551, 40.862455 ], [ -73.9161859, 40.8624302 ], [ -73.9162349, 40.8623871 ], [ -73.9163661, 40.8622968 ], [ -73.9164608, 40.8622309 ], [ -73.9165304, 40.8621889 ], [ -73.9165922, 40.8621427 ], [ -73.9166585, 40.8621012 ], [ -73.9167102, 40.8620585 ], [ -73.9167538, 40.8620148 ], [ -73.9167993, 40.8619829 ], [ -73.9168323, 40.8619662 ], [ -73.9168784, 40.861955 ], [ -73.9169348, 40.861942799999987 ], [ -73.9169598, 40.8619293 ], [ -73.9169869, 40.8619121 ], [ -73.9170225, 40.8619034 ], [ -73.9170541, 40.8618896 ], [ -73.9171017, 40.861860299999989 ], [ -73.917132400000014, 40.8618293 ], [ -73.917172600000015, 40.861794299999985 ], [ -73.9172574, 40.8617126 ], [ -73.9173197, 40.861633499999989 ], [ -73.9173805, 40.861562 ], [ -73.9174199, 40.8615018 ], [ -73.9174546, 40.861421499999985 ], [ -73.9174907, 40.861378399999978 ], [ -73.917566400000013, 40.8613028 ], [ -73.9176413, 40.8612493 ], [ -73.9177032, 40.861187800000025 ], [ -73.9177409, 40.8611476 ], [ -73.917785, 40.8611041 ], [ -73.9178287, 40.8610751 ], [ -73.917845, 40.8610445 ], [ -73.9178524, 40.8610123 ], [ -73.9178406, 40.860979400000012 ], [ -73.917832, 40.8609479 ], [ -73.9178442, 40.86092450000001 ], [ -73.917879, 40.8608986 ], [ -73.9179036, 40.8608606 ], [ -73.9179198, 40.8608413 ], [ -73.9179134, 40.8608165 ], [ -73.9178935, 40.860805 ], [ -73.9179199, 40.8607765 ], [ -73.9179928, 40.860698899999988 ], [ -73.9180009, 40.860672 ], [ -73.9180273, 40.8606425 ], [ -73.9180473, 40.8606194 ], [ -73.9180775, 40.860575899999986 ], [ -73.9181106, 40.8605392 ], [ -73.9181526, 40.8604959 ], [ -73.9181946, 40.8604651 ], [ -73.9182476, 40.8604153 ], [ -73.9183027, 40.860353 ], [ -73.9184248, 40.8602343 ], [ -73.9184153, 40.8602186 ], [ -73.9183959, 40.860208499999985 ], [ -73.9183702, 40.8601974 ], [ -73.9183578, 40.86018820000001 ], [ -73.9183586, 40.8601667 ], [ -73.9183746, 40.8601485 ], [ -73.9183897, 40.860118300000025 ], [ -73.918427, 40.8600417 ], [ -73.9184359, 40.860023400000017 ], [ -73.9184415, 40.860018 ], [ -73.9184477, 40.8600046 ], [ -73.918469, 40.8599858 ], [ -73.9184875, 40.8599619 ], [ -73.9185163, 40.8599354 ], [ -73.9185309, 40.859913800000022 ], [ -73.9185522, 40.859904599999986 ], [ -73.9185746, 40.859896 ], [ -73.9185908, 40.859878 ], [ -73.9186015, 40.8598494 ], [ -73.9186012, 40.859833200000011 ], [ -73.9186012, 40.8598159 ], [ -73.9186213, 40.859786500000027 ], [ -73.9186422, 40.859770100000013 ], [ -73.918665500000017, 40.8597546 ], [ -73.9186878, 40.8597373 ], [ -73.9187065, 40.8597155 ], [ -73.9186921, 40.8597064 ], [ -73.9187388, 40.8596532 ], [ -73.9187263, 40.859646500000018 ], [ -73.9189008, 40.8594331 ], [ -73.9189821, 40.8593427 ], [ -73.919153, 40.8591626 ], [ -73.919342, 40.858965 ], [ -73.9195108, 40.858782 ], [ -73.9205389, 40.8592282 ], [ -73.9205908, 40.8592557 ], [ -73.9206192, 40.8592872 ], [ -73.9207102, 40.8594362 ], [ -73.9209527, 40.859806600000013 ], [ -73.9214016, 40.8604955 ], [ -73.9217937, 40.859842 ], [ -73.921899200000013, 40.8596735 ], [ -73.9220972, 40.859357299999978 ], [ -73.9218569, 40.85908520000001 ], [ -73.9217873, 40.8590506 ], [ -73.921702, 40.8589959 ], [ -73.921589800000021, 40.8589281 ], [ -73.9214681, 40.8588631 ], [ -73.9214163, 40.8588154 ], [ -73.9213782, 40.8587727 ], [ -73.9213685, 40.8587138 ], [ -73.9213721, 40.8586662 ], [ -73.921367, 40.858609800000018 ], [ -73.9213481, 40.8585647 ], [ -73.9213522, 40.858528099999987 ], [ -73.9213737, 40.8584808 ], [ -73.9213749, 40.8584374 ], [ -73.921356300000014, 40.858386200000012 ], [ -73.9213397, 40.8583347 ], [ -73.9213407, 40.858278 ], [ -73.9213073, 40.8582417 ], [ -73.9212584, 40.858216900000023 ], [ -73.9212428, 40.8582039 ], [ -73.9211848, 40.8581824 ], [ -73.9211072, 40.858168099999986 ], [ -73.9210346, 40.858164200000012 ], [ -73.9209785, 40.8581522 ], [ -73.9209344, 40.8581249 ], [ -73.9208827, 40.8580784 ], [ -73.9208326, 40.8580333 ], [ -73.920829, 40.8579917 ], [ -73.9208508, 40.8579449 ], [ -73.9208834, 40.857937 ], [ -73.921002, 40.8579473 ], [ -73.921113, 40.857953799999976 ], [ -73.9211442, 40.857930700000026 ], [ -73.9211371, 40.857893200000014 ], [ -73.9210434, 40.8578584 ], [ -73.9210286, 40.857811 ], [ -73.9210627, 40.8577558 ], [ -73.9211512, 40.857737599999986 ], [ -73.9212192, 40.8576645 ], [ -73.9212782, 40.8575747 ], [ -73.9213453, 40.8574702 ], [ -73.9213633, 40.857435 ], [ -73.9214408, 40.857396200000011 ], [ -73.9214575, 40.8573892 ], [ -73.9214846, 40.857374199999988 ], [ -73.9215451, 40.8573526 ], [ -73.9216139, 40.8573549 ], [ -73.9216543, 40.8573417 ], [ -73.921646, 40.8573067 ], [ -73.9216462, 40.8572736 ], [ -73.921661, 40.85723830000002 ], [ -73.9216831, 40.857210900000013 ], [ -73.9216273, 40.8571986 ], [ -73.9215844, 40.8571678 ], [ -73.9215695, 40.857128 ], [ -73.921586, 40.857094 ], [ -73.9216343, 40.8570791 ], [ -73.921689, 40.8570808 ], [ -73.9217291, 40.8570758 ], [ -73.9217667, 40.857063599999989 ], [ -73.9218029, 40.8570503 ], [ -73.9217799, 40.85701269999997 ], [ -73.9217719, 40.8569818 ], [ -73.9217692, 40.856953 ], [ -73.9218017, 40.8569451 ], [ -73.921864, 40.8570385 ], [ -73.9219008, 40.8570221 ], [ -73.9219373, 40.857005800000032 ], [ -73.9219747, 40.8569897 ], [ -73.9220024, 40.85696 ], [ -73.9220065, 40.85692860000001 ], [ -73.9219813, 40.8569023 ], [ -73.9219662, 40.856870800000017 ], [ -73.921981200000019, 40.8568414 ], [ -73.9220211, 40.8568129 ], [ -73.9220561, 40.8567918 ], [ -73.9220914, 40.8567695 ], [ -73.9221447, 40.8567572 ], [ -73.9221648, 40.8567348 ], [ -73.9222175, 40.8566801 ], [ -73.922242, 40.85666040000001 ], [ -73.9222648, 40.856635299999986 ], [ -73.9222959, 40.8566296 ], [ -73.9223021, 40.8566164 ], [ -73.9223366, 40.8565879 ], [ -73.9223811, 40.856567700000014 ], [ -73.9223905, 40.85653820000001 ], [ -73.9223819, 40.8564974 ], [ -73.922371400000017, 40.8564499 ], [ -73.9223661, 40.8563961 ], [ -73.922364120569753, 40.856347851395171 ], [ -73.92686955463472, 40.858254316131436 ], [ -73.927356053411714, 40.857591501038534 ], [ -73.936566419266583, 40.861487946459441 ] ] ] } },
{ "type": "Feature", "properties": { "label": "A2", "width_mm": 159.625, "height_mm": 240.0, "area_km2": 3.3064104266622407, "fill": 0.77792985950173044, "vertices": 487 }, "geometry": { "type": "Polygon", "coordinates": [ [ [ -73.947322986888267, 40.841934760112913 ], [ -73.9464351, 40.84332770000001 ], [ -73.9463117, 40.8435398 ], [ -73.9462909, 40.8436073 ], [ -73.9462626, 40.8436665 ], [ -73.9462278, 40.8437227 ], [ -73.9461872, 40.843771 ], [ -73.9461495, 40.8438229 ], [ -73.9461013, 40.8438655 ], [ -73.946107, 40.843931199999986 ], [ -73.9461363, 40.843985199999977 ], [ -73.9461396, 40.8440222 ], [ -73.9461227, 40.8440635 ], [ -73.9461138, 40.8441057 ], [ -73.9461336, 40.8441851 ], [ -73.9461139, 40.844232400000017 ], [ -73.9461066, 40.8443636 ], [ -73.9461886, 40.845071399999988 ], [ -73.9463057, 40.845694400000021 ], [ -73.9463197, 40.845729200000015 ], [ -73.9463386, 40.8457655 ], [ -73.9463666, 40.8457909 ], [ -73.9464004, 40.845811500000018 ], [ -73.9464323, 40.8458294 ], [ -73.9464635, 40.8458505 ], [ -73.9464633, 40.8458782 ], [ -73.9464817, 40.8459035 ], [ -73.9464834, 40.8459077 ], [ -73.9464927, 40.8459389 ], [ -73.946522900000019, 40.845961 ], [ -73.9465494, 40.8459875 ], [ -73.9465544, 40.8460149 ], [ -73.9465349, 40.8460484 ], [ -73.9464918, 40.8460604 ], [ -73.946449, 40.846072 ], [ -73.9464132, 40.84610030000001 ], [ -73.9463885, 40.8461308 ], [ -73.946355, 40.846161 ], [ -73.9463371, 40.8461986 ], [ -73.9463409, 40.8462487 ], [ -73.9463879, 40.8462871 ], [ -73.9464154, 40.8463495 ], [ -73.9464204, 40.8463644 ], [ -73.946438, 40.8464186 ], [ -73.9464455, 40.8464354 ], [ -73.9464728, 40.846504 ], [ -73.9464792, 40.8465215 ], [ -73.9464996, 40.84655020000001 ], [ -73.9465235, 40.846595 ], [ -73.9465884, 40.846625099999976 ], [ -73.9466561, 40.8466987 ], [ -73.9467274, 40.8468238 ], [ -73.9467689, 40.8469158 ], [ -73.9468083, 40.8469699 ], [ -73.9468117, 40.8469745 ], [ -73.94684, 40.8470227 ], [ -73.946829100000016, 40.8470721 ], [ -73.9468411, 40.8471107 ], [ -73.9468427, 40.8471758 ], [ -73.9468424, 40.847181599999985 ], [ -73.9468347, 40.8472408 ], [ -73.9468312, 40.8472595 ], [ -73.9468199, 40.8473377 ], [ -73.9467867, 40.847386 ], [ -73.9467683, 40.8474421 ], [ -73.9467671, 40.847495 ], [ -73.946738300000021, 40.847536 ], [ -73.9467255, 40.847610100000011 ], [ -73.9467498, 40.8477221 ], [ -73.946743900000016, 40.847830600000016 ], [ -73.9467156, 40.847897100000012 ], [ -73.9466777, 40.848018100000026 ], [ -73.9466668, 40.8481101 ], [ -73.9467059, 40.848527500000017 ], [ -73.9467096, 40.848759 ], [ -73.9466985, 40.8488508 ], [ -73.9466768, 40.8489431 ], [ -73.946707, 40.8490613 ], [ -73.9467264, 40.8491531 ], [ -73.9467788, 40.849324800000019 ], [ -73.9468585, 40.8493692 ], [ -73.9469302, 40.8495901 ], [ -73.9469779, 40.8497189 ], [ -73.9469956, 40.8498357 ], [ -73.9469989, 40.8499133 ], [ -73.9470087, 40.8499286 ], [ -73.9470118, 40.8499538 ], [ -73.947, 40.8499697 ], [ -73.9470078, 40.849999100000019 ], [ -73.9470319, 40.850024699999985 ], [ -73.9470452, 40.850043800000016 ], [ -73.9470443, 40.850066 ], [ -73.9470384, 40.8500872 ], [ -73.9469851, 40.8500997 ], [ -73.9469592, 40.850117300000015 ], [ -73.9470244, 40.8501301 ], [ -73.9470548, 40.850171300000014 ], [ -73.9470558, 40.850213 ], [ -73.9470577, 40.8502289 ], [ -73.94705, 40.850273300000012 ], [ -73.9470207, 40.8503182 ], [ -73.9470103, 40.850324500000013 ], [ -73.9468115, 40.850676200000017 ], [ -73.94679, 40.8507088 ], [ -73.9467492, 40.8507346 ], [ -73.9467063, 40.8507697 ], [ -73.9466667, 40.850814800000016 ], [ -73.9466246, 40.850864500000014 ], [ -73.9465894, 40.8509096 ], [ -73.946565, 40.8509405 ], [ -73.9465286, 40.850967500000024 ], [ -73.9464887, 40.8509922 ], [ -73.9464488, 40.8510004 ], [ -73.946414, 40.850994300000018 ], [ -73.9463745, 40.850974 ], [ -73.9463497, 40.850959800000012 ], [ -73.9463295, 40.8509485 ], [ -73.9463121, 40.8509394 ], [ -73.9463079, 40.850927400000018 ], [ -73.946334400000012, 40.8509171 ], [ -73.9463456, 40.8509 ], [ -73.9463542, 40.8508669 ], [ -73.9463355, 40.85084710000001 ], [ -73.9463094, 40.8508416 ], [ -73.9462854, 40.850847500000029 ], [ -73.9462632, 40.850876 ], [ -73.9462363, 40.8508995 ], [ -73.9462117, 40.850910500000012 ], [ -73.9461974, 40.850929800000017 ], [ -73.94619, 40.8509577 ], [ -73.9462008, 40.850981 ], [ -73.9462097, 40.850999700000017 ], [ -73.9462176, 40.8510202 ], [ -73.9462142, 40.851040299999987 ], [ -73.9461968, 40.8510683 ], [ -73.9461834, 40.8510905 ], [ -73.946160400000011, 40.8511216 ], [ -73.9461432, 40.8511627 ], [ -73.9461204, 40.8511869 ], [ -73.9460845, 40.8511997 ], [ -73.9460513, 40.8512022 ], [ -73.9460122, 40.8511886 ], [ -73.9459875, 40.8511788 ], [ -73.9459639, 40.8511993 ], [ -73.9459358, 40.851213100000017 ], [ -73.9459138, 40.8512103 ], [ -73.9458984, 40.8511895 ], [ -73.9458777, 40.8511818 ], [ -73.9458502, 40.851181900000029 ], [ -73.9458206, 40.8511768 ], [ -73.9457874, 40.8511651 ], [ -73.9457561, 40.851153499999988 ], [ -73.9457222, 40.8511493 ], [ -73.9456986, 40.851161 ], [ -73.9456874, 40.851185599999987 ], [ -73.9456743, 40.851211 ], [ -73.9456427, 40.8512352 ], [ -73.9456112, 40.851249899999978 ], [ -73.945588, 40.851274600000011 ], [ -73.9455256, 40.8513715 ], [ -73.9455087, 40.8513818 ], [ -73.9454846, 40.8513813 ], [ -73.9454785, 40.851394500000012 ], [ -73.9454786, 40.851409199999985 ], [ -73.945485300000016, 40.8514242 ], [ -73.9454814, 40.851436 ], [ -73.9454605, 40.8514452 ], [ -73.9454355, 40.851440599999989 ], [ -73.9454189, 40.8514254 ], [ -73.9454063, 40.8514395 ], [ -73.9453943, 40.8514582 ], [ -73.94537, 40.85147 ], [ -73.945338, 40.8514826 ], [ -73.945310500000019, 40.8514923 ], [ -73.9452807, 40.8515004 ], [ -73.9452666, 40.8515122 ], [ -73.9452624, 40.851525100000011 ], [ -73.9452794, 40.8515365 ], [ -73.9452782, 40.8515486 ], [ -73.9452889, 40.851564900000014 ], [ -73.9452828, 40.8515787 ], [ -73.945267900000019, 40.851588100000015 ], [ -73.9452505, 40.85159640000002 ], [ -73.9452247, 40.8516033 ], [ -73.9451997, 40.8516024 ], [ -73.9451728, 40.8515963 ], [ -73.9451474, 40.8516003 ], [ -73.9451214, 40.851611500000011 ], [ -73.945103, 40.8516329 ], [ -73.9450822, 40.851651700000012 ], [ -73.9450559, 40.8516732 ], [ -73.9450261, 40.851702800000027 ], [ -73.9449979, 40.8517272 ], [ -73.9449665, 40.851738700000013 ], [ -73.9449368, 40.851745799999989 ], [ -73.9448919, 40.8517656 ], [ -73.9448482, 40.85178770000001 ], [ -73.9448112, 40.851802400000011 ], [ -73.9447684, 40.8518165 ], [ -73.9447441, 40.85183150000001 ], [ -73.9447323, 40.851852 ], [ -73.9447112, 40.851869499999985 ], [ -73.9447035, 40.8518951 ], [ -73.9446895, 40.8519219 ], [ -73.9446788, 40.851934100000022 ], [ -73.9446645, 40.8519275 ], [ -73.9446422, 40.8519246 ], [ -73.944625, 40.8519311 ], [ -73.9446069, 40.8519463 ], [ -73.944581, 40.8519606 ], [ -73.9445585, 40.8519611 ], [ -73.944534, 40.8519712 ], [ -73.9445111, 40.8519803 ], [ -73.9444975, 40.8519741 ], [ -73.944505, 40.8519529 ], [ -73.944484, 40.8519489 ], [ -73.9444827, 40.8519316 ], [ -73.944490300000012, 40.851914299999983 ], [ -73.9445037, 40.8518996 ], [ -73.944515, 40.851881400000011 ], [ -73.9444861, 40.851892600000014 ], [ -73.9444681, 40.8519104 ], [ -73.9444526, 40.851914 ], [ -73.9444467, 40.8519046 ], [ -73.9444317, 40.851918 ], [ -73.9444173, 40.851918299999987 ], [ -73.9444004, 40.8519046 ], [ -73.9443842, 40.851883900000011 ], [ -73.944361300000011, 40.8518662 ], [ -73.9443371, 40.851858 ], [ -73.9443154, 40.8518758 ], [ -73.9442943, 40.8518946 ], [ -73.9442676, 40.851916 ], [ -73.94425, 40.8519157 ], [ -73.9442328, 40.8519256 ], [ -73.9442241, 40.851945800000024 ], [ -73.9442382, 40.8519611 ], [ -73.9442287, 40.8519778 ], [ -73.9442173, 40.8520026 ], [ -73.9441971, 40.852024 ], [ -73.9441635, 40.8520372 ], [ -73.9441299, 40.8520387 ], [ -73.9440959, 40.852031400000016 ], [ -73.9440474, 40.8520194 ], [ -73.9440254, 40.852011700000013 ], [ -73.9440036, 40.8520182 ], [ -73.9439766, 40.8520457 ], [ -73.9439744, 40.8520787 ], [ -73.9439599, 40.8521214 ], [ -73.9439215, 40.852153900000012 ], [ -73.9438846, 40.8521699 ], [ -73.9438399, 40.8521922 ], [ -73.9437976, 40.8522102 ], [ -73.9437558, 40.8522202 ], [ -73.9437217, 40.8522386 ], [ -73.943688, 40.8522502 ], [ -73.9436626, 40.852245900000014 ], [ -73.9436312, 40.8522455 ], [ -73.9435656, 40.852266700000015 ], [ -73.943505, 40.85228919999998 ], [ -73.9434429, 40.8523113 ], [ -73.943408100000013, 40.85235 ], [ -73.9433793, 40.8523846 ], [ -73.9433356, 40.8524188 ], [ -73.9432575, 40.8524723 ], [ -73.9431928, 40.85251330000002 ], [ -73.9431183, 40.8525708 ], [ -73.9430526, 40.8526222 ], [ -73.9429748, 40.8526958 ], [ -73.9429643, 40.8527191 ], [ -73.9429182, 40.8527396 ], [ -73.9428384, 40.852823300000011 ], [ -73.9425933, 40.8530752 ], [ -73.9423208, 40.8533478 ], [ -73.9422184, 40.8534795 ], [ -73.9421579, 40.8535415 ], [ -73.9420885, 40.8536052 ], [ -73.9419682, 40.8537753 ], [ -73.9418038, 40.8540268 ], [ -73.9416562, 40.8542647 ], [ -73.9416356, 40.854325 ], [ -73.9416226, 40.8543965 ], [ -73.9416, 40.8544525 ], [ -73.9415653, 40.85449460000001 ], [ -73.941519400000018, 40.854548499999986 ], [ -73.9413979, 40.8547415 ], [ -73.9412698, 40.8549473 ], [ -73.9411643, 40.8551284 ], [ -73.9411398, 40.8551508 ], [ -73.9411086, 40.8551781 ], [ -73.941093, 40.8551984 ], [ -73.9410967, 40.8552293 ], [ -73.9410868, 40.8552592 ], [ -73.9410706, 40.855268700000032 ], [ -73.9410417, 40.8552755 ], [ -73.9410336, 40.8552916 ], [ -73.9410422, 40.8553085 ], [ -73.941039, 40.8553302 ], [ -73.9410193, 40.8553425 ], [ -73.9410041, 40.855358800000012 ], [ -73.9409955, 40.8553757 ], [ -73.941006, 40.8554096 ], [ -73.9410167, 40.855430699999978 ], [ -73.9410085, 40.855451200000019 ], [ -73.9409864, 40.8554713 ], [ -73.9409745, 40.8554886 ], [ -73.9409819, 40.8555104 ], [ -73.9409706, 40.8555244 ], [ -73.9409455, 40.8555306 ], [ -73.9409249, 40.8555503 ], [ -73.9409206, 40.8555704 ], [ -73.9409244, 40.855583200000027 ], [ -73.9409163, 40.8555953 ], [ -73.9409013, 40.8556021 ], [ -73.9408638, 40.8556351 ], [ -73.9408443, 40.8556686 ], [ -73.9408362, 40.8556978 ], [ -73.9408183, 40.8557416 ], [ -73.9407935, 40.855777100000019 ], [ -73.9407171, 40.855883 ], [ -73.9406466, 40.8559765 ], [ -73.9406049, 40.856042300000013 ], [ -73.9406034, 40.856061 ], [ -73.9405952, 40.8560851 ], [ -73.9405735, 40.8561112 ], [ -73.9405345, 40.8561571 ], [ -73.9405107, 40.856191 ], [ -73.9404908, 40.8562116 ], [ -73.9404793, 40.856225 ], [ -73.9404837, 40.85623970000001 ], [ -73.9404848, 40.856259100000024 ], [ -73.9404751, 40.856272 ], [ -73.9404568, 40.8562802 ], [ -73.9404507, 40.8562955 ], [ -73.940442, 40.856308200000015 ], [ -73.9404333, 40.8563264 ], [ -73.9404252, 40.8563474 ], [ -73.9404044, 40.856369500000014 ], [ -73.9403979, 40.856408 ], [ -73.9403869, 40.856439200000011 ], [ -73.9403843, 40.856467 ], [ -73.9403736, 40.856505500000011 ], [ -73.940349600000019, 40.8565459 ], [ -73.9403226, 40.856595300000031 ], [ -73.9403038, 40.8566466 ], [ -73.9402736, 40.856694100000013 ], [ -73.9402448, 40.8567503 ], [ -73.9402242, 40.856782799999984 ], [ -73.9401851, 40.8568139 ], [ -73.9401515, 40.856832599999983 ], [ -73.9401188, 40.8568452 ], [ -73.9401102, 40.8568706 ], [ -73.9400933, 40.8569042 ], [ -73.9400612, 40.856937600000023 ], [ -73.940043, 40.856963499999985 ], [ -73.9400014, 40.8570102 ], [ -73.9399491, 40.857069 ], [ -73.9399215, 40.857106 ], [ -73.9398446, 40.857177900000011 ], [ -73.93982920000002, 40.857215 ], [ -73.9397964, 40.8572427 ], [ -73.9397713, 40.8572561 ], [ -73.9396017, 40.857421 ], [ -73.9395369, 40.8575122 ], [ -73.9394501, 40.8576151 ], [ -73.9394301, 40.857667400000018 ], [ -73.9394143, 40.857720900000011 ], [ -73.9393946, 40.8577467 ], [ -73.9393437, 40.8577816 ], [ -73.9393236, 40.8578052 ], [ -73.939309, 40.8578406 ], [ -73.9392953, 40.8578657 ], [ -73.9392708, 40.8578786 ], [ -73.9392372, 40.857900100000037 ], [ -73.9392048, 40.8579402 ], [ -73.939199, 40.8579585 ], [ -73.9391848, 40.857969 ], [ -73.9391558, 40.8579813 ], [ -73.9391358, 40.8579979 ], [ -73.9391305, 40.8580271 ], [ -73.9391161, 40.8580519 ], [ -73.9390969, 40.858079799999985 ], [ -73.9390673, 40.8581173 ], [ -73.9390776, 40.8581521 ], [ -73.9390829, 40.8581999 ], [ -73.9390568, 40.8582348 ], [ -73.9390137, 40.8582552 ], [ -73.9389848, 40.8582982 ], [ -73.9389584, 40.8583586 ], [ -73.9388639, 40.8584983 ], [ -73.9388056, 40.8585878 ], [ -73.9386689, 40.8587501 ], [ -73.9386026, 40.8588547 ], [ -73.9385369, 40.858944 ], [ -73.9385024, 40.859003600000023 ], [ -73.9384962, 40.85905320000002 ], [ -73.9384601, 40.8590858 ], [ -73.9384017, 40.8591173 ], [ -73.9383912, 40.8591658 ], [ -73.938375, 40.859241 ], [ -73.9383015, 40.859330300000018 ], [ -73.9382515, 40.8593983 ], [ -73.9382035, 40.85943670000001 ], [ -73.9381423, 40.85946 ], [ -73.9380341, 40.8595928 ], [ -73.937925, 40.859749 ], [ -73.9378357, 40.859845599999986 ], [ -73.9377288, 40.8599438 ], [ -73.9375998, 40.8600413 ], [ -73.9375265, 40.8600889 ], [ -73.9374815, 40.8601283 ], [ -73.9374207, 40.860226600000011 ], [ -73.9373238, 40.8603872 ], [ -73.9372012, 40.860578 ], [ -73.9370151, 40.8608736 ], [ -73.9366692, 40.8613352 ], [ -73.936566419266583, 40.861487946459441 ], [ -73.927356053411714, 40.857591501038534 ], [ -73.92686955463472, 40.858254316131436 ], [ -73.922364120569753, 40.856347851395171 ], [ -73.9223637, 40.8563376 ], [ -73.9223635, 40.8562814 ], [ -73.9223675, 40.8562328 ], [ -73.922381, 40.8561903 ], [ -73.9223866, 40.8561377 ], [ -73.9223808, 40.8560947 ], [ -73.9223627, 40.8560573 ], [ -73.9223794, 40.8560136 ], [ -73.9223692, 40.8559671 ], [ -73.9223418, 40.85592650000001 ], [ -73.922291, 40.8559041 ], [ -73.9222497, 40.855890100000018 ], [ -73.9222605, 40.8558275 ], [ -73.9223156, 40.855754900000015 ], [ -73.9223483, 40.855693099999975 ], [ -73.9223247, 40.8556807 ], [ -73.9222997, 40.8556707 ], [ -73.9222844, 40.855664500000017 ], [ -73.9226875, 40.855162 ], [ -73.9227625, 40.8550656 ], [ -73.923624, 40.8539582 ], [ -73.9247014, 40.8525012 ], [ -73.9260919, 40.8504497 ], [ -73.9268987, 40.849294 ], [ -73.9282863, 40.847292800000019 ], [ -73.92863, 40.846804700000021 ], [ -73.9289675, 40.8463169 ], [ -73.929259200000018, 40.845899200000019 ], [ -73.9295056, 40.8455462 ], [ -73.9296177, 40.8453857 ], [ -73.9296743, 40.8452994 ], [ -73.929758300000017, 40.8451783 ], [ -73.9299344, 40.8448802 ], [ -73.9300272, 40.8447037 ], [ -73.9301023, 40.84455770000001 ], [ -73.9301802, 40.8443925 ], [ -73.930236, 40.844262 ], [ -73.9303236, 40.844051400000012 ], [ -73.930397, 40.843851499999985 ], [ -73.9304846, 40.84361 ], [ -73.9305649, 40.8433737 ], [ -73.9306703, 40.8431012 ], [ -73.9307379, 40.8429263 ], [ -73.9307914, 40.8427804 ], [ -73.9308466, 40.8426392 ], [ -73.930905600000017, 40.84250930000001 ], [ -73.9310263, 40.8422902 ], [ -73.932313300000018, 40.840005900000023 ], [ -73.9323542, 40.839923100000014 ], [ -73.9324193, 40.8397995 ], [ -73.9324704, 40.839699900000042 ], [ -73.9325605, 40.8395334 ], [ -73.9326393, 40.8393976 ], [ -73.9328491, 40.839018 ], [ -73.9331223, 40.8385311 ], [ -73.9332322, 40.8383362 ], [ -73.9333596, 40.838101800000011 ], [ -73.9334629, 40.8379206 ], [ -73.9336027, 40.8376727 ], [ -73.9337091, 40.8374838 ], [ -73.9337498, 40.8374114 ], [ -73.93381162478849, 40.837304103226458 ], [ -73.935989833252052, 40.838225826787586 ], [ -73.937205468707603, 40.836568683186719 ], [ -73.941460300942637, 40.838368937914886 ], [ -73.940852527330307, 40.839197533542929 ], [ -73.947322986888267, 40.841934760112913 ] ] ] } },
{ "type": "Feature", "properties": { "label": "A3", "width_mm": 211.375, "height_mm": 180.0, "area_km2": 2.5357420470192578, "fill": 0.60072371622368592, "vertices": 175 }, "geometry": { "type": "Polygon", "coordinates": [ [ [ -73.9525781, 40.8307109 ], [ -73.9522913, 40.8311318 ], [ -73.951325225567089, 40.832553798360152 ], [ -73.9510589, 40.832945800000026 ], [ -73.951030500000016, 40.8330664 ], [ -73.9509333, 40.833248400000024 ], [ -73.9508311, 40.8334107 ], [ -73.9507417, 40.8335752 ], [ -73.9505025, 40.8338989 ], [ -73.9504219, 40.8340085 ], [ -73.9504079, 40.8340434 ], [ -73.9503885, 40.8340907 ], [ -73.9503621, 40.8341332 ], [ -73.9503245, 40.8341664 ], [ -73.9502983, 40.8341973 ], [ -73.9502851, 40.83423160000001 ], [ -73.9502622, 40.8342732 ], [ -73.950201, 40.8343293 ], [ -73.9501551, 40.834414099999989 ], [ -73.9501292, 40.8344737 ], [ -73.9501226, 40.8345331 ], [ -73.9501097, 40.8346029 ], [ -73.950096200000019, 40.834659700000017 ], [ -73.9500745, 40.834715700000011 ], [ -73.95005, 40.834781200000016 ], [ -73.9500261, 40.83484150000001 ], [ -73.9499934, 40.834938500000014 ], [ -73.9499404, 40.8351465 ], [ -73.9499194, 40.835184500000018 ], [ -73.94990295558722, 40.835238561116121 ], [ -73.9498634, 40.83536860000001 ], [ -73.949845102010968, 40.835401838574008 ], [ -73.9498198, 40.8354478 ], [ -73.9497964, 40.83552 ], [ -73.9497435, 40.835723 ], [ -73.9497172, 40.835860600000011 ], [ -73.9496969, 40.8359766 ], [ -73.9496993, 40.8360895 ], [ -73.9496942, 40.836134 ], [ -73.9496621, 40.836202299999989 ], [ -73.9496359, 40.83624180000001 ], [ -73.9496289, 40.8363229 ], [ -73.9496122, 40.836393899999983 ], [ -73.9495804, 40.8365662 ], [ -73.9495611, 40.836601900000019 ], [ -73.9495297, 40.8366524 ], [ -73.9494956, 40.836677 ], [ -73.9494375, 40.8367005 ], [ -73.9493197, 40.836713 ], [ -73.949305, 40.8367796 ], [ -73.949316, 40.8367836 ], [ -73.9494376, 40.8367932 ], [ -73.9495114, 40.8368052 ], [ -73.9495357, 40.836842299999986 ], [ -73.9495295, 40.8369184 ], [ -73.9495044, 40.83703220000001 ], [ -73.9494527, 40.8371408 ], [ -73.9494135, 40.837241300000017 ], [ -73.9493868, 40.8373347 ], [ -73.9493565, 40.8374084 ], [ -73.9493269, 40.8374783 ], [ -73.9492755, 40.837612 ], [ -73.9492461, 40.837695900000014 ], [ -73.9492173, 40.837791200000019 ], [ -73.9491863, 40.8378664 ], [ -73.9491978, 40.8378936 ], [ -73.9491838, 40.8379281 ], [ -73.9491527, 40.8379754 ], [ -73.9491372, 40.8380555 ], [ -73.9491172, 40.8381144 ], [ -73.949095, 40.8381575 ], [ -73.9490768, 40.8382275 ], [ -73.9490501, 40.8382838 ], [ -73.9490098, 40.8384122 ], [ -73.9489337, 40.8386405 ], [ -73.9488687, 40.83879730000001 ], [ -73.9487703, 40.83901580000002 ], [ -73.9487026, 40.839171700000016 ], [ -73.9486378, 40.8393527 ], [ -73.9485346, 40.839618400000013 ], [ -73.9484407, 40.8398229 ], [ -73.9483565, 40.8399661 ], [ -73.9482627, 40.840128 ], [ -73.9481388, 40.8403738 ], [ -73.9479267, 40.840801599999971 ], [ -73.9477822, 40.8411176 ], [ -73.9476304, 40.8414378 ], [ -73.9475081, 40.841615100000013 ], [ -73.947341, 40.8419065 ], [ -73.947322986888267, 40.841934760112913 ], [ -73.940852527330307, 40.839197533542929 ], [ -73.941460300942637, 40.838368937914886 ], [ -73.937205468707603, 40.836568683186719 ], [ -73.935989833252052, 40.838225826787586 ], [ -73.93381162478849, 40.837304103226458 ], [ -73.933836, 40.8372618 ], [ -73.9339512, 40.8370608 ], [ -73.9340478, 40.836891400000013 ], [ -73.9341401, 40.836702800000012 ], [ -73.9342452, 40.8364803 ], [ -73.9343427, 40.836256400000018 ], [ -73.9343928, 40.8361284 ], [ -73.9344433, 40.836009900000015 ], [ -73.9344872, 40.8359043 ], [ -73.9345357, 40.835834300000016 ], [ -73.9346034, 40.8357715 ], [ -73.9346729, 40.8356942 ], [ -73.934751, 40.8355848 ], [ -73.9348004, 40.8354871 ], [ -73.9348793, 40.835295399999985 ], [ -73.9349239, 40.8351128 ], [ -73.9349409, 40.8349392 ], [ -73.9349646, 40.834736400000033 ], [ -73.934984, 40.8346114 ], [ -73.9350132, 40.8344818 ], [ -73.9350385, 40.8343205 ], [ -73.9350551, 40.8341052 ], [ -73.935095, 40.833701299999987 ], [ -73.9351169, 40.8335054 ], [ -73.935137, 40.8332365 ], [ -73.9351393, 40.8330347 ], [ -73.935132700000011, 40.8329281 ], [ -73.9351435, 40.832906799999989 ], [ -73.9351669, 40.832890600000013 ], [ -73.935174, 40.8328773 ], [ -73.9351543, 40.832620699999985 ], [ -73.9350928, 40.8319305 ], [ -73.9350295, 40.8313521 ], [ -73.9349558, 40.8307291 ], [ -73.934889, 40.8302166 ], [ -73.9348417, 40.8298392 ], [ -73.9347856, 40.829412 ], [ -73.934723306008749, 40.828895098642711 ], [ -73.9347181, 40.8288519 ], [ -73.9346418, 40.8282624 ], [ -73.9346281, 40.8281701 ], [ -73.9345654, 40.8281735 ], [ -73.9345353, 40.8279236 ], [ -73.9345591, 40.827921799999984 ], [ -73.934438, 40.827047700000044 ], [ -73.9344956, 40.827045700000021 ], [ -73.9344582, 40.8267188 ], [ -73.9343749, 40.8259244 ], [ -73.9343253, 40.825446299999989 ], [ -73.9343048, 40.8252142 ], [ -73.9342944, 40.8250606 ], [ -73.9342995, 40.824511700000016 ], [ -73.9342823, 40.8244934 ], [ -73.9342697, 40.824478099999979 ], [ -73.9342338, 40.823933500000017 ], [ -73.9341847, 40.823339300000022 ], [ -73.9341489, 40.822910300000011 ], [ -73.9341363, 40.8227529 ], [ -73.9341164, 40.822453899999985 ], [ -73.9341047, 40.8221867 ], [ -73.9340782, 40.8217765 ], [ -73.9340635, 40.8214381 ], [ -73.9340384, 40.8210185 ], [ -73.9340283, 40.820814 ], [ -73.9340009, 40.8203318 ], [ -73.933985400000012, 40.8200365 ], [ -73.9339836, 40.8198213 ], [ -73.9339875, 40.819730600000014 ], [ -73.933835, 40.8197057 ], [ -73.933830700000016, 40.8193702 ], [ -73.9338291, 40.8192816 ], [ -73.933823945295316, 40.819157665985479 ], [ -73.934603262620982, 40.818095072381425 ], [ -73.939838471526841, 40.820310873172147 ], [ -73.938927022535225, 40.82155375631681 ], [ -73.952125828807297, 40.827138465450084 ], [ -73.951093004846101, 40.82854717424761 ], [ -73.953363836168236, 40.829507772341508 ], [ -73.9532286, 40.8297426 ], [ -73.9525781, 40.8307109 ] ] ] } },
{ "type": "Feature", "properties": { "label": "A4", "width_mm": 129.125, "height_mm": 193.0, "area_km2": 2.3631253387454771, "fill": 0.85470244250566074, "vertices": 61 }, "geometry": { "type": "Polygon", "coordinates": [ [ [ -73.965518294211648, 40.813696636215958 ], [ -73.9653507, 40.8139514 ], [ -73.9651916, 40.814150700000013 ], [ -73.9648452, 40.8147366 ], [ -73.9643967, 40.8154139 ], [ -73.9641769, 40.8157223 ], [ -73.963839, 40.8161481 ], [ -73.9634745, 40.816557599999989 ], [ -73.9631297, 40.8169283 ], [ -73.96292, 40.817178700000014 ], [ -73.9620853, 40.8180299 ], [ -73.9619779, 40.818156200000011 ], [ -73.9615715, 40.8186124 ], [ -73.9615417, 40.8186479 ], [ -73.9613417, 40.8188804 ], [ -73.961188, 40.8190591 ], [ -73.9611707, 40.819072400000017 ], [ -73.9611551, 40.8190851 ], [ -73.9605236, 40.8198029 ], [ -73.9604069, 40.8199354 ], [ -73.9604312, 40.8199545 ], [ -73.9603322, 40.8200144 ], [ -73.960004, 40.820383200000016 ], [ -73.959826300000017, 40.8203005 ], [ -73.9596995, 40.8204718 ], [ -73.9596787, 40.8204618 ], [ -73.9586676, 40.8217773 ], [ -73.9582766, 40.8222451 ], [ -73.958178700000019, 40.82237330000001 ], [ -73.9581714, 40.8224351 ], [ -73.9581513, 40.8224949 ], [ -73.9581149, 40.8225569 ], [ -73.9579453, 40.8227757 ], [ -73.9582337, 40.8228973 ], [ -73.9581498, 40.823020399999983 ], [ -73.959591, 40.8236389 ], [ -73.9580261, 40.826011 ], [ -73.9572789, 40.8271388 ], [ -73.9569686, 40.8270244 ], [ -73.9563188, 40.8279644 ], [ -73.9550126, 40.8274618 ], [ -73.954691400000016, 40.827933200000011 ], [ -73.9545942, 40.8278884 ], [ -73.9546149, 40.82785980000002 ], [ -73.9545637, 40.8278744 ], [ -73.9545332, 40.827918800000013 ], [ -73.9544739, 40.8280194 ], [ -73.9543766, 40.828158100000017 ], [ -73.9543076, 40.828228199999984 ], [ -73.9542378, 40.8283281 ], [ -73.9541707, 40.8283938 ], [ -73.9540424, 40.8284686 ], [ -73.9540117, 40.8284971 ], [ -73.9539383, 40.8285984 ], [ -73.953446, 40.829365100000011 ], [ -73.953363836168236, 40.829507772341508 ], [ -73.951093004846101, 40.82854717424761 ], [ -73.952125828807297, 40.827138465450084 ], [ -73.941981094735652, 40.822846220506548 ], [ -73.952672824517904, 40.808262308677648 ], [ -73.965518294211648, 40.813696636215958 ] ] ] } },
{ "type": "Feature", "properties": { "label": "B4", "width_mm": 228.25, "height_mm": 237.0, "area_km2": 3.9497689277261276, "fill": 0.65812499975727712, "vertices": 151 }, "geometry": { "type": "Polygon", "coordinates": [ [ [ -73.941981094735652, 40.822846220506548 ], [ -73.938927022535225, 40.82155375631681 ], [ -73.939838471526841, 40.820310873172147 ], [ -73.934603262620982, 40.818095072381425 ], [ -73.933823945295316, 40.819157665985479 ], [ -73.9338105, 40.818834400000021 ], [ -73.9337958, 40.8184745 ], [ -73.9337938, 40.8180462 ], [ -73.93379370000001, 40.817722 ], [ -73.9337945, 40.8172946 ], [ -73.9337911, 40.8168543 ], [ -73.9338066, 40.8162985 ], [ -73.9338165, 40.8158727 ], [ -73.9338291, 40.815585 ], [ -73.9339023, 40.8155846 ], [ -73.9339166, 40.815550800000011 ], [ -73.9339411, 40.8154766 ], [ -73.9339497, 40.8154034 ], [ -73.9339775, 40.8152896 ], [ -73.9339788, 40.815234799999985 ], [ -73.9339775, 40.8151705 ], [ -73.9339923, 40.8150891 ], [ -73.9340062, 40.8149917 ], [ -73.9340075, 40.814907 ], [ -73.9340043, 40.8148831 ], [ -73.9339971, 40.814870399999982 ], [ -73.9339882, 40.81486 ], [ -73.9339884, 40.814846 ], [ -73.9339983, 40.8148319 ], [ -73.9340046, 40.8148105 ], [ -73.9340036, 40.814736 ], [ -73.9340164, 40.814487300000017 ], [ -73.9338565, 40.8144854 ], [ -73.9338692, 40.814282 ], [ -73.9338823, 40.8140221 ], [ -73.9339031, 40.8136986 ], [ -73.933924, 40.8134601 ], [ -73.9339352, 40.813329700000018 ], [ -73.9339614, 40.8130378 ], [ -73.9339875, 40.8127815 ], [ -73.9340064, 40.812627300000024 ], [ -73.9340404, 40.8123725 ], [ -73.9340581, 40.812236500000012 ], [ -73.934074, 40.812103 ], [ -73.9340841, 40.8120269 ], [ -73.9341009, 40.81194 ], [ -73.934129, 40.8117792 ], [ -73.9341881, 40.8114494 ], [ -73.9342282, 40.8112321 ], [ -73.9342555, 40.8110773 ], [ -73.9342792, 40.810944399999983 ], [ -73.934294, 40.8106996 ], [ -73.9343118, 40.810419499999988 ], [ -73.9343223, 40.8103028 ], [ -73.9343301, 40.8101709 ], [ -73.9343403, 40.8098181 ], [ -73.934347, 40.8096162 ], [ -73.9343259, 40.80953250000001 ], [ -73.9342546, 40.8092135 ], [ -73.9342155, 40.8090705 ], [ -73.9341932, 40.8090275 ], [ -73.9341184, 40.8086604 ], [ -73.9339774, 40.8083941 ], [ -73.9338314, 40.80811940000001 ], [ -73.9337018, 40.8078789 ], [ -73.933592, 40.8076682 ], [ -73.9335591, 40.80760930000001 ], [ -73.9333673, 40.807364699999987 ], [ -73.933154400000021, 40.807114700000014 ], [ -73.9326657, 40.8065736 ], [ -73.9321401, 40.8060371 ], [ -73.931825, 40.805700400000013 ], [ -73.9315037, 40.805356400000015 ], [ -73.9312572, 40.8050756 ], [ -73.9311658, 40.8049726 ], [ -73.9309059, 40.8046147 ], [ -73.930686, 40.8043126 ], [ -73.9305342, 40.8041001 ], [ -73.9303143, 40.803798 ], [ -73.930099, 40.8034331 ], [ -73.9300917, 40.803414300000014 ], [ -73.9300801, 40.803418499999985 ], [ -73.9299194, 40.8032022 ], [ -73.9299469, 40.8031875 ], [ -73.9299594, 40.8031926 ], [ -73.9300385, 40.8030836 ], [ -73.9300032, 40.803022900000016 ], [ -73.9298665, 40.8027883 ], [ -73.9298456, 40.8027525 ], [ -73.9297932, 40.8026641 ], [ -73.9296597, 40.80236320000003 ], [ -73.929468, 40.8019384 ], [ -73.9293549, 40.8016796 ], [ -73.9292189, 40.8011549 ], [ -73.929042600000017, 40.801087900000013 ], [ -73.9289911, 40.800598200000024 ], [ -73.9289777, 40.8004834 ], [ -73.9289753, 40.8004467 ], [ -73.9289663, 40.8003837 ], [ -73.9289604, 40.8003424 ], [ -73.9289543, 40.800284900000015 ], [ -73.9289506, 40.8002298 ], [ -73.9289458, 40.8001785 ], [ -73.9289396, 40.800126699999986 ], [ -73.9289348, 40.8000715 ], [ -73.9289303, 40.8000247 ], [ -73.9289281, 40.799991100000021 ], [ -73.9289241, 40.7999545 ], [ -73.9289205, 40.7999221 ], [ -73.9289181, 40.7998979 ], [ -73.9289102, 40.7998416 ], [ -73.9289065, 40.799811599999984 ], [ -73.9289065, 40.7997472 ], [ -73.9289167, 40.7995008 ], [ -73.9289395, 40.7990136 ], [ -73.9289661, 40.7983922 ], [ -73.9289983, 40.7976334 ], [ -73.9290251, 40.797064199999987 ], [ -73.929038, 40.796773 ], [ -73.9291111, 40.7964883 ], [ -73.9291991, 40.7961515 ], [ -73.9292672, 40.795881100000017 ], [ -73.9292713, 40.7958613 ], [ -73.9292829, 40.7958428 ], [ -73.9295516, 40.795481100000011 ], [ -73.929779600000018, 40.795170300000017 ], [ -73.9298763, 40.7950353 ], [ -73.9298389, 40.7950199 ], [ -73.9298501, 40.7950018 ], [ -73.9298108, 40.7949851 ], [ -73.9298331, 40.7949516 ], [ -73.9298979, 40.7949785 ], [ -73.9299789, 40.794872300000016 ], [ -73.9299614, 40.7948643 ], [ -73.9300698, 40.794714300000017 ], [ -73.9300959, 40.79472770000001 ], [ -73.9301939, 40.7945974 ], [ -73.9305866, 40.7943859 ], [ -73.9310349, 40.794143899999987 ], [ -73.9311308, 40.794092200000016 ], [ -73.9314139, 40.7939363 ], [ -73.9317348, 40.7937632 ], [ -73.9318687, 40.793691 ], [ -73.9321752, 40.7935145 ], [ -73.9325164, 40.7933306 ], [ -73.9327105, 40.7932296 ], [ -73.932750559067983, 40.793206152325624 ], [ -73.936314024804972, 40.794715075397427 ], [ -73.935888819009108, 40.795295077849936 ], [ -73.955952302331269, 40.80378749372084 ], [ -73.941981094735652, 40.822846220506548 ] ] ] } },
{ "type": "Feature", "properties": { "label": "A5", "width_mm": 174.0, "height_mm": 238.0, "area_km2": 4.1381925072271519, "fill": 0.90070031849449228, "vertices": 47 }, "geometry": { "type": "Polygon", "coordinates": [ [ [ -73.977426, 40.796813700000016 ], [ -73.9769366, 40.797513 ], [ -73.9764437, 40.7982386 ], [ -73.9758665, 40.7990343 ], [ -73.9757519, 40.7991973 ], [ -73.9752586, 40.79994 ], [ -73.974631794271843, 40.800833933788454 ], [ -73.9740534, 40.8016588 ], [ -73.9733677, 40.8026374 ], [ -73.9722195, 40.8042852 ], [ -73.9720047, 40.804577400000014 ], [ -73.9719616, 40.8046141 ], [ -73.9718962, 40.8046591 ], [ -73.9718476, 40.8047142 ], [ -73.9715529, 40.805156099999969 ], [ -73.9712526, 40.8055926 ], [ -73.9703797, 40.80676540000001 ], [ -73.9696305, 40.807774500000022 ], [ -73.969531016956566, 40.807903525438256 ], [ -73.9690772, 40.8084921 ], [ -73.9690198, 40.808560900000018 ], [ -73.9688905, 40.8087075 ], [ -73.9685318, 40.809236899999988 ], [ -73.9684911, 40.8093033 ], [ -73.9680455, 40.8099837 ], [ -73.967742, 40.8104686 ], [ -73.9675863, 40.8106939 ], [ -73.9675109, 40.8108425 ], [ -73.9671013, 40.8114583 ], [ -73.9667745, 40.811918400000017 ], [ -73.9666125, 40.8121854 ], [ -73.9664954, 40.812374 ], [ -73.9664009, 40.8124913 ], [ -73.966189, 40.8128034 ], [ -73.9659625, 40.8131246 ], [ -73.9655445, 40.8136568 ], [ -73.965518294211648, 40.813696636215958 ], [ -73.952672824517904, 40.808262308677648 ], [ -73.955952302331269, 40.80378749372084 ], [ -73.950281668538508, 40.801387818319434 ], [ -73.955432208426743, 40.793579528138928 ], [ -73.95655816938914, 40.792427583683285 ], [ -73.956888148637915, 40.79256723080389 ], [ -73.961562800875967, 40.786186260084669 ], [ -73.979573239836313, 40.793805727836144 ], [ -73.9788245, 40.7948573 ], [ -73.977426, 40.796813700000016 ] ] ] } },
{ "type": "Feature", "properties": { "label": "B5", "width_mm": 173.25, "height_mm": 184.0, "area_km2": 3.1117686600832393, "fill": 0.87985694793386449, "vertices": 63 }, "geometry": { "type": "Polygon", "coordinates": [ [ [ -73.95655816938914, 40.792427583683285 ], [ -73.955432208426743, 40.793579528138928 ], [ -73.950281668538508, 40.801387818319434 ], [ -73.935888819009108, 40.795295077849936 ], [ -73.936314024804972, 40.794715075397427 ], [ -73.932750559067983, 40.793206152325624 ], [ -73.9334892, 40.7927738 ], [ -73.934025, 40.792394600000023 ], [ -73.934367, 40.792152 ], [ -73.9347688, 40.7918822 ], [ -73.9350832, 40.7916725 ], [ -73.9352753, 40.7915321 ], [ -73.9351966, 40.7914757 ], [ -73.9354675, 40.7912698 ], [ -73.9355427, 40.791326 ], [ -73.9358336, 40.7910857 ], [ -73.93628120000001, 40.7904851 ], [ -73.9363934, 40.790333300000015 ], [ -73.93667, 40.7899474 ], [ -73.936931800000011, 40.7895861 ], [ -73.9370663, 40.7894242 ], [ -73.9370603, 40.789417 ], [ -73.9370917, 40.7893784 ], [ -73.9370815, 40.7893547 ], [ -73.9369955, 40.789318200000011 ], [ -73.9370968, 40.7891695 ], [ -73.9371548, 40.7891924 ], [ -73.9376529, 40.788044099999979 ], [ -73.937933, 40.787496 ], [ -73.938136, 40.7871756 ], [ -73.9384817, 40.786773 ], [ -73.9387808, 40.786438199999985 ], [ -73.9391973, 40.7859666 ], [ -73.939209965483457, 40.785952272659038 ], [ -73.9398237, 40.785258 ], [ -73.9407143, 40.7847812 ], [ -73.9412476, 40.784531800000011 ], [ -73.9415026, 40.7844043 ], [ -73.9417926, 40.784245 ], [ -73.9419369, 40.784157100000016 ], [ -73.9420766, 40.7840793 ], [ -73.9424392, 40.7838936 ], [ -73.9427685, 40.7836676 ], [ -73.9431418, 40.7834083 ], [ -73.9432271, 40.783303700000019 ], [ -73.9435227, 40.782902 ], [ -73.9435166, 40.7828815 ], [ -73.9435536, 40.7827837 ], [ -73.9436341, 40.782651699999981 ], [ -73.9437301, 40.7822371 ], [ -73.9438084, 40.7818937 ], [ -73.9438514, 40.781621 ], [ -73.9438741, 40.7816028 ], [ -73.9438761, 40.7812651 ], [ -73.943766, 40.7807911 ], [ -73.9436126, 40.780130800000016 ], [ -73.9434317, 40.7797249 ], [ -73.9432099, 40.779237 ], [ -73.9427899, 40.778425200000015 ], [ -73.942682497850598, 40.7781938841254 ], [ -73.961562800875967, 40.786186260084669 ], [ -73.956888148637915, 40.79256723080389 ], [ -73.95655816938914, 40.792427583683285 ] ] ] } },
{ "type": "Feature", "properties": { "label": "A6", "width_mm": 115.25, "height_mm": 132.0, "area_km2": 1.6691262498185786, "fill": 0.98894047878675728, "vertices": 34 }, "geometry": { "type": "Polygon", "coordinates": [ [ [ -73.987298066399944, 40.782744807677211 ], [ -73.9869408, 40.7832625 ], [ -73.9860918, 40.7844976 ], [ -73.9859192, 40.7847419 ], [ -73.9857527, 40.784977499999989 ], [ -73.9854782, 40.785375700000017 ], [ -73.9854479, 40.785419 ], [ -73.9850878, 40.7859324 ], [ -73.9850224, 40.786027400000016 ], [ -73.9847162, 40.786472300000014 ], [ -73.9846711, 40.7865357 ], [ -73.9846368, 40.7865799 ], [ -73.9844804, 40.7868151 ], [ -73.984363, 40.7869822 ], [ -73.9840943, 40.7873648 ], [ -73.9835893, 40.7880976 ], [ -73.9832848, 40.7885399 ], [ -73.9831259, 40.7887706 ], [ -73.982699, 40.7893638 ], [ -73.9825791, 40.7895387 ], [ -73.9820776, 40.79025330000001 ], [ -73.9819211, 40.7904706 ], [ -73.9817689, 40.79072810000001 ], [ -73.98166, 40.7908502 ], [ -73.9816105, 40.7909057 ], [ -73.9806832, 40.792207 ], [ -73.980479, 40.7925006 ], [ -73.9804271, 40.79258440000001 ], [ -73.9803555, 40.7926999 ], [ -73.9801074, 40.793055499999987 ], [ -73.979573239836313, 40.793805727836144 ], [ -73.967014471756386, 40.788493117372148 ], [ -73.975025458897065, 40.777553479705915 ], [ -73.987298066399944, 40.782744807677211 ] ] ] } },
{ "type": "Feature", "properties": { "label": "B6", "width_mm": 239.5, "height_mm": 164.0, "area_km2": 4.1897842851525446, "fill": 0.9614752944645153, "vertices": 98 }, "geometry": { "type": "Polygon", "coordinates": [ [ [ -73.942682497850598, 40.7781938841254 ], [ -73.9426468, 40.778117 ], [ -73.942566, 40.777803599999984 ], [ -73.9424609, 40.777410900000028 ], [ -73.9424363, 40.7773106 ], [ -73.9424208, 40.7772782 ], [ -73.9423825, 40.777164 ], [ -73.9423082, 40.7771332 ], [ -73.9422613, 40.7771164 ], [ -73.9422469, 40.777109899999985 ], [ -73.9422144, 40.7770953 ], [ -73.9421869, 40.777074 ], [ -73.9421709, 40.7770617 ], [ -73.9421429, 40.7770342 ], [ -73.9421199, 40.7770049 ], [ -73.9421068, 40.7769854 ], [ -73.9420992, 40.776974 ], [ -73.9420849, 40.7769374 ], [ -73.9420823, 40.77692290000001 ], [ -73.9420821, 40.776920200000013 ], [ -73.9420771, 40.7768942 ], [ -73.9420443, 40.7764839 ], [ -73.9420332, 40.7764601 ], [ -73.9420141, 40.7764255 ], [ -73.9420058, 40.776399199999986 ], [ -73.9419865, 40.776376800000016 ], [ -73.9420581, 40.7761621 ], [ -73.9420846, 40.776093699999983 ], [ -73.9421101, 40.7760179 ], [ -73.9421088, 40.776028300000021 ], [ -73.9421181, 40.775961900000013 ], [ -73.9422019, 40.7758994 ], [ -73.9423852, 40.7757862 ], [ -73.942382, 40.775775 ], [ -73.9423846, 40.7757631 ], [ -73.9423923, 40.7757526 ], [ -73.9424048, 40.775747699999989 ], [ -73.9424196, 40.7757462 ], [ -73.9424365, 40.7757481 ], [ -73.9424313, 40.7757376 ], [ -73.9424687, 40.7755962 ], [ -73.9425243, 40.7754368 ], [ -73.9425681, 40.775332299999988 ], [ -73.9426144, 40.775222 ], [ -73.9426738, 40.775108799999984 ], [ -73.9427343, 40.7749932 ], [ -73.9427496, 40.774964099999977 ], [ -73.9428067, 40.774884900000011 ], [ -73.9427966, 40.7748809 ], [ -73.9428758, 40.7747665 ], [ -73.9430307, 40.7745844 ], [ -73.9432097, 40.7743629 ], [ -73.9432588, 40.7743045 ], [ -73.9433184, 40.774233600000017 ], [ -73.9434212, 40.774116200000016 ], [ -73.9436158, 40.773912600000031 ], [ -73.943755700000011, 40.7737559 ], [ -73.943976, 40.7735164 ], [ -73.9440371, 40.7734491 ], [ -73.9440406, 40.773445299999985 ], [ -73.9443476, 40.773107 ], [ -73.9444487, 40.7729991 ], [ -73.9444771, 40.7729689 ], [ -73.9446138, 40.772821 ], [ -73.9446748, 40.7727551 ], [ -73.9447378, 40.7726948 ], [ -73.9448352, 40.7726063 ], [ -73.9449689, 40.7724881 ], [ -73.9450708, 40.772398 ], [ -73.9452716, 40.7722204 ], [ -73.9453002, 40.7721951 ], [ -73.9454571, 40.772068099999984 ], [ -73.9455778, 40.7719704 ], [ -73.9458831, 40.771723200000011 ], [ -73.9462206, 40.7714472 ], [ -73.9462956, 40.7713902 ], [ -73.9462875, 40.7713799 ], [ -73.9462867, 40.7713688 ], [ -73.9462944, 40.771357699999989 ], [ -73.9463068, 40.771351400000015 ], [ -73.9463186, 40.7713498 ], [ -73.946355, 40.7713229 ], [ -73.946504, 40.771168200000012 ], [ -73.9467169, 40.7709443 ], [ -73.9477286, 40.7698724 ], [ -73.9486756, 40.7688354 ], [ -73.949503, 40.7677083 ], [ -73.9496679, 40.7675312 ], [ -73.9496452, 40.767519 ], [ -73.950435, 40.7666309 ], [ -73.9504617, 40.766643 ], [ -73.9506343, 40.7664373 ], [ -73.951246283214644, 40.765751743138686 ], [ -73.953649699128647, 40.766769389797609 ], [ -73.954620817383159, 40.765443512019374 ], [ -73.976967119999898, 40.774901359726165 ], [ -73.967014471756386, 40.788493117372148 ], [ -73.942682497850598, 40.7781938841254 ] ] ] } },
{ "type": "Feature", "properties": { "label": "A7", "width_mm": 138.625, "height_mm": 221.0, "area_km2": 2.5412266560590542, "fill": 0.74766215982647211, "vertices": 113 }, "geometry": { "type": "Polygon", "coordinates": [ [ [ -73.990356390954958, 40.761678830545186 ], [ -73.989507335153462, 40.762839238175097 ], [ -73.995176099489228, 40.765236998005825 ], [ -73.99693468383299, 40.762833203639083 ], [ -73.999400923284881, 40.763876214963929 ], [ -73.9991531, 40.7642145 ], [ -73.9991442, 40.7642265 ], [ -73.9989381, 40.7645046 ], [ -73.9989226, 40.764525600000013 ], [ -73.9988842, 40.7645774 ], [ -73.9985902, 40.7649778 ], [ -73.9985109, 40.7650858 ], [ -73.9983898, 40.7652412 ], [ -73.9982662, 40.7654176 ], [ -73.9983631, 40.765457500000011 ], [ -73.9982723, 40.76558210000001 ], [ -73.9981698, 40.7657232 ], [ -73.9980732, 40.7658563 ], [ -73.9979213, 40.7660666 ], [ -73.9973681, 40.766831200000013 ], [ -73.9971551, 40.7671245 ], [ -73.9964611, 40.7681052 ], [ -73.9963561, 40.7682454 ], [ -73.9962493, 40.768388 ], [ -73.9970806, 40.768742700000018 ], [ -73.9965951, 40.7694274 ], [ -73.9963184, 40.76981050000002 ], [ -73.9960625, 40.770147600000016 ], [ -73.9958775, 40.770416 ], [ -73.9958718, 40.7704238 ], [ -73.9957843, 40.7705423 ], [ -73.9957728, 40.7705578 ], [ -73.9954288, 40.771038600000011 ], [ -73.9954054, 40.77107010000001 ], [ -73.9953107, 40.7711977 ], [ -73.9951239, 40.7714594 ], [ -73.9950023, 40.771449400000016 ], [ -73.9949785, 40.7714521 ], [ -73.9949592, 40.77146170000001 ], [ -73.9949441, 40.7714759 ], [ -73.9949358, 40.7714928 ], [ -73.9949353, 40.7715085 ], [ -73.9949377, 40.7715309 ], [ -73.9950076, 40.771599 ], [ -73.995022, 40.771611500000013 ], [ -73.9949779, 40.7716623 ], [ -73.994853059151509, 40.771829688372407 ], [ -73.994768400000012, 40.7719432 ], [ -73.9944522, 40.7723825 ], [ -73.9943515, 40.772341100000013 ], [ -73.994237, 40.7724949 ], [ -73.993895, 40.7729587 ], [ -73.9938748, 40.773143800000014 ], [ -73.9938717, 40.7732498 ], [ -73.99385, 40.773303299999981 ], [ -73.9938188, 40.7733468 ], [ -73.9937575, 40.773382 ], [ -73.9937518, 40.7734494 ], [ -73.9937283, 40.773501300000014 ], [ -73.9936896, 40.7735645 ], [ -73.9936354, 40.7736194 ], [ -73.993585, 40.7736624 ], [ -73.9934922, 40.7737536 ], [ -73.9933877, 40.773864 ], [ -73.9933192, 40.773967799999987 ], [ -73.9932521, 40.7740613 ], [ -73.9931068, 40.774283500000017 ], [ -73.9929799, 40.7744635 ], [ -73.9926232, 40.7749669 ], [ -73.992512, 40.774977100000015 ], [ -73.9924744, 40.7750394 ], [ -73.9924589, 40.7751125 ], [ -73.9924516, 40.7751938 ], [ -73.9924596, 40.775263399999986 ], [ -73.9924698, 40.7753484 ], [ -73.992457, 40.7754402 ], [ -73.9924111, 40.775526399999983 ], [ -73.9923551, 40.7756067 ], [ -73.992121, 40.7759205 ], [ -73.9920229, 40.77605290000001 ], [ -73.9918772, 40.7762496 ], [ -73.9918607, 40.776272300000024 ], [ -73.9917931, 40.7763657 ], [ -73.9913311, 40.7770032 ], [ -73.9909283, 40.7775591 ], [ -73.9903936, 40.777580600000014 ], [ -73.988866, 40.7797037 ], [ -73.9888693, 40.7797279 ], [ -73.98887, 40.779735 ], [ -73.9888842, 40.7798781 ], [ -73.988885, 40.7798859 ], [ -73.9889051, 40.7801052 ], [ -73.9889065, 40.7801162 ], [ -73.9889073, 40.7801288 ], [ -73.9889166, 40.7802304 ], [ -73.9882223, 40.7812276 ], [ -73.9881472, 40.781378 ], [ -73.9880798, 40.7815131 ], [ -73.9880405, 40.7815946 ], [ -73.988018, 40.7816431 ], [ -73.9880025, 40.7816773 ], [ -73.9879357, 40.7818277 ], [ -73.9878942, 40.781886900000011 ], [ -73.9876405, 40.7822486 ], [ -73.987298066399944, 40.782744807677211 ], [ -73.975025458897065, 40.777553479705915 ], [ -73.981092636366711, 40.769265492627483 ], [ -73.981335292055334, 40.768933966285367 ], [ -73.978500950715357, 40.7677347815006 ], [ -73.980624170164901, 40.764833955224042 ], [ -73.983349414544278, 40.765986969085503 ], [ -73.987413190477582, 40.760433750999688 ], [ -73.990356390954958, 40.761678830545186 ] ] ] } },
{ "type": "Feature", "properties": { "label": "B7", "width_mm": 227.125, "height_mm": 190.0, "area_km2": 3.7619954293498696, "fill": 0.78577019922765945, "vertices": 69 }, "geometry": { "type": "Polygon", "coordinates": [ [ [ -73.951246283214644, 40.765751743138686 ], [ -73.951733, 40.7652065 ], [ -73.9526236, 40.7642094 ], [ -73.9536062, 40.7630997 ], [ -73.9544182, 40.7621854 ], [ -73.9554283, 40.7612895 ], [ -73.955580700000013, 40.7611638 ], [ -73.9556956, 40.761067 ], [ -73.9557336, 40.761047 ], [ -73.956529900000021, 40.760323400000011 ], [ -73.9569932, 40.7598927 ], [ -73.9570945, 40.7598109 ], [ -73.9576262, 40.7593241 ], [ -73.9582476, 40.758766 ], [ -73.9585165, 40.758521100000017 ], [ -73.9586388, 40.7584169 ], [ -73.9587734, 40.758294 ], [ -73.9589564, 40.758099499999986 ], [ -73.9590783, 40.7579553 ], [ -73.9591017, 40.7579627 ], [ -73.9591379, 40.7579025 ], [ -73.9591997, 40.757857199999982 ], [ -73.9595216, 40.7574233 ], [ -73.9596688, 40.7572469 ], [ -73.9596658, 40.7572291 ], [ -73.9598474, 40.757003199999986 ], [ -73.9599524, 40.7568793 ], [ -73.9600914, 40.756690600000013 ], [ -73.9602788, 40.7564048 ], [ -73.9603533, 40.7562926 ], [ -73.9603787, 40.7562769 ], [ -73.96051, 40.75611 ], [ -73.9606806, 40.7559261 ], [ -73.9608063, 40.755816 ], [ -73.9609572, 40.7556896 ], [ -73.9610808, 40.7555771 ], [ -73.9613221, 40.7553978 ], [ -73.961556, 40.755228900000013 ], [ -73.9616424, 40.7551662 ], [ -73.9617089, 40.7550883 ], [ -73.9617533, 40.755037300000019 ], [ -73.9617731, 40.75501520000001 ], [ -73.9617928, 40.754993199999987 ], [ -73.9619168, 40.7548488 ], [ -73.9620575, 40.7546884 ], [ -73.9622059, 40.754521699999984 ], [ -73.9622402, 40.75454 ], [ -73.9626146, 40.754115800000015 ], [ -73.9629155, 40.753773 ], [ -73.962881200000012, 40.7537551 ], [ -73.9630908, 40.7535148 ], [ -73.9631777, 40.7534185 ], [ -73.963181, 40.753414700000015 ], [ -73.9633945, 40.7531651 ], [ -73.9636654, 40.7528808 ], [ -73.963803555042091, 40.752721352641963 ], [ -73.964232113712058, 40.752902792187179 ], [ -73.964596132793361, 40.75240555455504 ], [ -73.983669323190483, 40.760477962698054 ], [ -73.984579101423435, 40.759234714232029 ], [ -73.987413190477582, 40.760433750999688 ], [ -73.983349414544278, 40.765986969085503 ], [ -73.980624170164901, 40.764833955224042 ], [ -73.978500950715357, 40.7677347815006 ], [ -73.981335292055334, 40.768933966285367 ], [ -73.976967119999898, 40.774901359726165 ], [ -73.954620817383159, 40.765443512019374 ], [ -73.953649699128647, 40.766769389797609 ], [ -73.951246283214644, 40.765751743138686 ] ] ] } },
{ "type": "Feature", "properties": { "label": "B8", "width_mm": 130.875, "height_mm": 188.0, "area_km2": 2.310083999539128, "fill": 0.84627022248539963, "vertices": 71 }, "geometry": { "type": "Polygon", "coordinates": [ [ [ -73.969064294165889, 40.754297088567597 ], [ -73.964596132793361, 40.75240555455504 ], [ -73.964232113712058, 40.752902792187179 ], [ -73.963803555042091, 40.752721352641963 ], [ -73.9638341, 40.7526861 ], [ -73.9639931, 40.7525152 ], [ -73.9641619, 40.752336899999989 ], [ -73.964396600000015, 40.752087899999985 ], [ -73.9645984, 40.7518761 ], [ -73.9647671, 40.7516963 ], [ -73.9648904, 40.7515669 ], [ -73.9652364, 40.751169400000016 ], [ -73.965567600000014, 40.750780500000019 ], [ -73.9659958, 40.7503054 ], [ -73.9663828, 40.749835900000015 ], [ -73.9667287, 40.7494117 ], [ -73.9671267, 40.7489327 ], [ -73.9677986, 40.74813120000001 ], [ -73.9681379, 40.7477379 ], [ -73.9683731, 40.7474517 ], [ -73.9683387, 40.7474352 ], [ -73.9682398, 40.747386799999987 ], [ -73.9689467, 40.746533 ], [ -73.9689804, 40.7465487 ], [ -73.969832, 40.745521900000014 ], [ -73.9698649, 40.745537 ], [ -73.9699141, 40.7454744 ], [ -73.9699832, 40.7455076 ], [ -73.9699882, 40.7454996 ], [ -73.9703427, 40.745056 ], [ -73.9703336, 40.745047800000016 ], [ -73.9703285, 40.7450366 ], [ -73.9703327, 40.7450262 ], [ -73.9704366, 40.744887600000013 ], [ -73.9704471, 40.7448808 ], [ -73.9704612, 40.7448784 ], [ -73.9704776, 40.744878100000015 ], [ -73.9705978, 40.744701200000023 ], [ -73.9707967, 40.7444166 ], [ -73.9709461, 40.7444794 ], [ -73.9711143, 40.7442172 ], [ -73.9712247, 40.7440493 ], [ -73.9713594, 40.7438412 ], [ -73.9712131, 40.7437781 ], [ -73.971898, 40.7427218 ], [ -73.971747, 40.742664100000013 ], [ -73.9719684, 40.7423301 ], [ -73.9719698, 40.7423228 ], [ -73.9720466, 40.741929099999986 ], [ -73.9721165, 40.741570500000016 ], [ -73.9723071, 40.7407216 ], [ -73.9722219, 40.740711700000013 ], [ -73.9721964, 40.740708400000024 ], [ -73.9721793, 40.740697 ], [ -73.9721756, 40.740676 ], [ -73.9722225, 40.7404016 ], [ -73.9722061, 40.740399600000011 ], [ -73.972225, 40.7403062 ], [ -73.9722545, 40.7403092 ], [ -73.9723117, 40.7400264 ], [ -73.9723255, 40.740016500000017 ], [ -73.9723419, 40.7400112 ], [ -73.9724492, 40.7400227 ], [ -73.9724686, 40.739952800000012 ], [ -73.9724591, 40.7399499 ], [ -73.972641542654813, 40.73931120573733 ], [ -73.978065778927316, 40.741607403576083 ], [ -73.979884995219649, 40.739120981016079 ], [ -73.98871168008111, 40.742856581951379 ], [ -73.977674393785406, 40.757941261457901 ], [ -73.969064294165889, 40.754297088567597 ] ] ] } },
{ "type": "Feature", "properties": { "label": "A8", "width_mm": 191.375, "height_mm": 190.0, "area_km2": 3.7116973457674431, "fill": 0.92008845916994519, "vertices": 57 }, "geometry": { "type": "Polygon", "coordinates": [ [ [ -74.009030636870705, 40.750583512219094 ], [ -74.0090036, 40.7506577 ], [ -74.0085426, 40.75187829999998 ], [ -74.0085348, 40.75189670000001 ], [ -74.008521500000015, 40.7519326 ], [ -74.0085193, 40.7519387 ], [ -74.0085018, 40.7519795 ], [ -74.0084856, 40.75202 ], [ -74.0084823, 40.752028299999985 ], [ -74.0084304, 40.7521692 ], [ -74.0083627, 40.752353 ], [ -74.0077736, 40.7538893 ], [ -74.0077448, 40.753963699999986 ], [ -74.0076199, 40.7542943 ], [ -74.007478, 40.7544876 ], [ -74.0072907, 40.7547496 ], [ -74.0071448, 40.7549388 ], [ -74.0066697, 40.755589400000012 ], [ -74.0066017, 40.755683300000015 ], [ -74.0054262, 40.757322400000021 ], [ -74.0052271, 40.7572371 ], [ -74.0048086, 40.757814 ], [ -74.0048988, 40.7578536 ], [ -74.0038199, 40.7593425 ], [ -74.0039071, 40.7593795 ], [ -74.0038671, 40.759433 ], [ -74.0036808, 40.759712300000011 ], [ -74.003628100000014, 40.759785100000016 ], [ -74.0035755, 40.7598577 ], [ -74.0027738, 40.760938 ], [ -74.0023364, 40.7615519 ], [ -74.0022041, 40.761718 ], [ -74.0021955, 40.7617288 ], [ -74.001718100000019, 40.762383599999978 ], [ -74.0017043, 40.7624026 ], [ -74.0016645, 40.7624578 ], [ -74.0015323, 40.7626486 ], [ -74.0013977, 40.7628446 ], [ -74.0011841, 40.7631337 ], [ -74.0011805, 40.763138600000026 ], [ -74.0011446, 40.763187 ], [ -74.0009684, 40.763428600000012 ], [ -74.0007343, 40.7637477 ], [ -73.9999232, 40.7634031 ], [ -73.9996284, 40.7635657 ], [ -73.999400923284881, 40.763876214963929 ], [ -73.99693468383299, 40.762833203639083 ], [ -73.995176099489228, 40.765236998005825 ], [ -73.989507335153462, 40.762839238175097 ], [ -73.990356390954958, 40.761678830545186 ], [ -73.984579101423435, 40.759234714232029 ], [ -73.983669323190483, 40.760477962698054 ], [ -73.977674393785406, 40.757941261457901 ], [ -73.98871168008111, 40.742856581951379 ], [ -73.999937165670886, 40.747605810554518 ], [ -74.000422129281517, 40.746942675887425 ], [ -74.009030636870705, 40.750583512219094 ] ] ] } },
{ "type": "Feature", "properties": { "label": "B9", "width_mm": 188.0, "height_mm": 127.0, "area_km2": 2.2582669315949997, "fill": 0.85252973697436751, "vertices": 12 }, "geometry": { "type": "Polygon", "coordinates": [ [ [ -73.994543795991987, 40.734687502043727 ], [ -74.00075522856875, 40.737315539994263 ], [ -74.000330950150541, 40.737895784959029 ], [ -74.005888996475889, 40.740246922802122 ], [ -74.000858099755547, 40.747127087996681 ], [ -74.000422129281517, 40.746942675887425 ], [ -73.999937165670886, 40.747605810554518 ], [ -73.979884995219649, 40.739120981016079 ], [ -73.985826822317648, 40.730998461069838 ], [ -73.98758484035217, 40.728594797700204 ], [ -73.996301596904473, 40.732283706825854 ], [ -73.994543795991987, 40.734687502043727 ] ] ] } },
{ "type": "Feature", "properties": { "label": "A9", "width_mm": 75.0, "height_mm": 91.0, "area_km2": 0.47772092842448877, "fill": 0.6309100472085224, "vertices": 49 }, "geometry": { "type": "Polygon", "coordinates": [ [ [ -74.005888996475889, 40.740246922802122 ], [ -74.007414803301415, 40.740892286129629 ], [ -74.007899643619496, 40.74022911935009 ], [ -74.009607999346173, 40.740951653478895 ], [ -74.0095385, 40.741257299999987 ], [ -74.0096652, 40.7413121 ], [ -74.0096233, 40.7413704 ], [ -74.0095996, 40.7414031 ], [ -74.0095745, 40.7414378 ], [ -74.0095343, 40.7414936 ], [ -74.0094896, 40.7414744 ], [ -74.0094015, 40.7418918 ], [ -74.0093518, 40.7421157 ], [ -74.009413200000012, 40.7421405 ], [ -74.0093735, 40.7421945 ], [ -74.0093522, 40.7422234 ], [ -74.0093288, 40.7422552 ], [ -74.0092872, 40.7423117 ], [ -74.0092707, 40.74230570000001 ], [ -74.009214700000015, 40.742598500000014 ], [ -74.0091663, 40.742874 ], [ -74.0091627, 40.7428914 ], [ -74.0091594, 40.742908899999989 ], [ -74.0089713, 40.743923700000025 ], [ -74.008968, 40.7439454 ], [ -74.0089642, 40.7439708 ], [ -74.0088063, 40.7448361 ], [ -74.0087975, 40.7448502 ], [ -74.0087845, 40.7448593 ], [ -74.0087642, 40.744864 ], [ -74.0087291, 40.7448622 ], [ -74.0087258, 40.7448909 ], [ -74.0087175, 40.7449211 ], [ -74.0087141, 40.7449333 ], [ -74.0085223, 40.745957600000018 ], [ -74.0083354, 40.746990199999985 ], [ -74.0081487, 40.748035600000023 ], [ -74.0080807, 40.7484027 ], [ -74.0084154, 40.7485379 ], [ -74.0096094, 40.749046900000018 ], [ -74.0092482, 40.74999360000001 ], [ -74.0092365, 40.750025200000017 ], [ -74.0091433, 40.75027630000001 ], [ -74.0091066, 40.7503752 ], [ -74.0091, 40.7503932 ], [ -74.0090946, 40.750408 ], [ -74.009030636870705, 40.750583512219094 ], [ -74.000858099755547, 40.747127087996681 ], [ -74.005888996475889, 40.740246922802122 ] ] ] } },
{ "type": "Feature", "properties": { "label": "C9", "width_mm": 157.25, "height_mm": 227.0, "area_km2": 2.4539988973468305, "fill": 0.61966031516670539, "vertices": 147 }, "geometry": { "type": "Polygon", "coordinates": [ [ [ -73.9721865, 40.7240525 ], [ -73.9722404, 40.7238634 ], [ -73.9723933, 40.723232099999976 ], [ -73.9724511, 40.7230039 ], [ -73.972492, 40.7227976 ], [ -73.9725476, 40.722534799999984 ], [ -73.9727283, 40.721769399999985 ], [ -73.9728857, 40.721144900000034 ], [ -73.9729347, 40.72093790000001 ], [ -73.9729648, 40.7209417 ], [ -73.9729961, 40.7209455 ], [ -73.9730499, 40.720884 ], [ -73.9731014, 40.7208306 ], [ -73.973157, 40.720787399999985 ], [ -73.973214, 40.720746300000016 ], [ -73.9731895, 40.7207073 ], [ -73.9731773, 40.7206548 ], [ -73.973176, 40.7205911 ], [ -73.9731855, 40.7205284 ], [ -73.9732072, 40.7204596 ], [ -73.9732397, 40.720410299999969 ], [ -73.9732845, 40.7203722 ], [ -73.9732465, 40.7203116 ], [ -73.9732099, 40.7202428 ], [ -73.9731748, 40.7201617 ], [ -73.9731585, 40.7201595 ], [ -73.9731248, 40.7201549 ], [ -73.9732361, 40.7197199 ], [ -73.9734768, 40.7188947 ], [ -73.9736665, 40.71834459999998 ], [ -73.9740808, 40.717197099999986 ], [ -73.9741944, 40.7168603 ], [ -73.9743898, 40.716318900000012 ], [ -73.9747045, 40.715556800000016 ], [ -73.974709627198564, 40.715545441329709 ], [ -73.979190986443612, 40.717443105880655 ], [ -73.977675453814712, 40.719515123766598 ], [ -73.990312548300182, 40.724864920530905 ], [ -73.985826822317648, 40.730998461069838 ], [ -73.983037981833562, 40.73481111179327 ], [ -73.978065778927316, 40.741607403576083 ], [ -73.972641542654813, 40.73931120573733 ], [ -73.9726476, 40.73929 ], [ -73.9726602, 40.7392335 ], [ -73.9726533, 40.7388612 ], [ -73.972624, 40.7378872 ], [ -73.97261, 40.737273900000012 ], [ -73.9725908, 40.73687 ], [ -73.9725988, 40.7368436 ], [ -73.972564300000016, 40.7364542 ], [ -73.9724965, 40.7357917 ], [ -73.9728492, 40.7357716 ], [ -73.9728699, 40.7357726 ], [ -73.9728892, 40.7357767 ], [ -73.9740204, 40.7362499 ], [ -73.9744263, 40.7364197 ], [ -73.9744601, 40.7362958 ], [ -73.9744641, 40.7362805 ], [ -73.9745178, 40.736076300000015 ], [ -73.974522, 40.7360607 ], [ -73.9745236, 40.736054500000023 ], [ -73.9745203, 40.7358427 ], [ -73.9745182, 40.7356242 ], [ -73.97420750000002, 40.7356275 ], [ -73.9733152, 40.7352514 ], [ -73.9733307, 40.735208900000011 ], [ -73.9733176, 40.735197899999989 ], [ -73.9733003, 40.7351832 ], [ -73.9732869, 40.735163300000039 ], [ -73.9732754, 40.735139899999986 ], [ -73.9732705, 40.7351172 ], [ -73.9732689, 40.735102300000023 ], [ -73.9732709, 40.7350832 ], [ -73.9732791, 40.7350599 ], [ -73.9733029, 40.735024899999964 ], [ -73.9733297, 40.735003 ], [ -73.9733675, 40.7349826 ], [ -73.9734003, 40.734973599999982 ], [ -73.973426, 40.7349695 ], [ -73.9734543, 40.7349687 ], [ -73.9734793, 40.7349691 ], [ -73.9735026, 40.7349728 ], [ -73.9735112, 40.7349769 ], [ -73.973543, 40.7349381 ], [ -73.9744469, 40.7353231 ], [ -73.9743679, 40.7349856 ], [ -73.974337, 40.7348668 ], [ -73.9742019, 40.7343477 ], [ -73.9740989, 40.733936799999988 ], [ -73.9739805, 40.733465700000011 ], [ -73.9739087, 40.7331831 ], [ -73.9738027, 40.732792 ], [ -73.973732, 40.7324881 ], [ -73.9736527, 40.732190899999978 ], [ -73.9735809, 40.731898300000012 ], [ -73.9735762, 40.73188 ], [ -73.9735725, 40.731865100000014 ], [ -73.9734615, 40.731446 ], [ -73.9734277, 40.731297500000011 ], [ -73.9733486, 40.731189399999984 ], [ -73.9731901, 40.7310008 ], [ -73.9730754, 40.7308789 ], [ -73.9728172, 40.7306537 ], [ -73.9725423, 40.730442400000022 ], [ -73.9722608, 40.7302359 ], [ -73.9721326, 40.7301491 ], [ -73.9720231, 40.730053200000022 ], [ -73.971914, 40.7299404 ], [ -73.9718343, 40.7298458 ], [ -73.9717087, 40.7296637 ], [ -73.9716357, 40.729552100000014 ], [ -73.9715352, 40.72937120000001 ], [ -73.9714916, 40.729255300000013 ], [ -73.9714568, 40.7291364 ], [ -73.9714291, 40.7289779 ], [ -73.971421, 40.728817500000019 ], [ -73.971428, 40.7286882 ], [ -73.9714529, 40.7285134 ], [ -73.971469544029205, 40.728393830947759 ], [ -73.971479, 40.7283259 ], [ -73.9715239, 40.7280383 ], [ -73.9715587, 40.7277816 ], [ -73.97157, 40.7276888 ], [ -73.971586200000019, 40.727679 ], [ -73.9715898, 40.7276543 ], [ -73.9716459, 40.7276577 ], [ -73.9716745, 40.7274291 ], [ -73.9715398, 40.7274178 ], [ -73.9715239, 40.7274071 ], [ -73.9715245, 40.7273949 ], [ -73.9715108, 40.727394100000019 ], [ -73.9715429, 40.7271777 ], [ -73.971551, 40.7271786 ], [ -73.9715836, 40.7269757 ], [ -73.9716089, 40.726797399999988 ], [ -73.9717123, 40.7262099 ], [ -73.971774, 40.7258263 ], [ -73.9717944, 40.7258202 ], [ -73.9718202, 40.725816100000017 ], [ -73.9718465, 40.7256405 ], [ -73.9718745, 40.7254581 ], [ -73.9719203, 40.7252082 ], [ -73.9719712, 40.725002 ], [ -73.9720125, 40.7247784 ], [ -73.97209796719936, 40.724426335116348 ], [ -73.972098, 40.724426200000018 ], [ -73.9721865, 40.7240525 ] ] ] } },
{ "type": "Feature", "properties": { "label": "A10", "width_mm": 172.5, "height_mm": 235.0, "area_km2": 2.2948248137188676, "fill": 0.51025633716037744, "vertices": 125 }, "geometry": { "type": "Polygon", "coordinates": [ [ [ -74.013374915237236, 40.718343572969204 ], [ -74.0132193, 40.71832280000001 ], [ -74.0130556, 40.71904760000001 ], [ -74.0129164, 40.7197594 ], [ -74.012801, 40.720310499999989 ], [ -74.0127518, 40.720553600000017 ], [ -74.0126834, 40.7208606 ], [ -74.0125502, 40.7214925 ], [ -74.0123802, 40.7222994 ], [ -74.0123347, 40.7225081 ], [ -74.0121218, 40.7235626 ], [ -74.0120786, 40.7237803 ], [ -74.0118762, 40.7247581 ], [ -74.0118341, 40.724967800000016 ], [ -74.0116556, 40.725886199999984 ], [ -74.0116501, 40.7259123 ], [ -74.0116444, 40.7259393 ], [ -74.0115631, 40.7264011 ], [ -74.0115606, 40.7264266 ], [ -74.011558, 40.7264522 ], [ -74.0113868, 40.7282165 ], [ -74.0113846, 40.72823870000002 ], [ -74.011382, 40.728267400000014 ], [ -74.0113797, 40.728293300000011 ], [ -74.011334, 40.728781300000016 ], [ -74.0113257, 40.7288748 ], [ -74.0112968, 40.729130400000017 ], [ -74.0112846, 40.7292306 ], [ -74.0112434, 40.729683699999967 ], [ -74.0112254, 40.729882 ], [ -74.0111782, 40.7304011 ], [ -74.0111749, 40.730426699999988 ], [ -74.0111707, 40.7304586 ], [ -74.011077700000016, 40.7314596 ], [ -74.0110525, 40.7317447 ], [ -74.0110404, 40.73188 ], [ -74.0110316, 40.731979 ], [ -74.011006, 40.73226480000001 ], [ -74.0109848, 40.732501900000024 ], [ -74.0109253, 40.733027600000014 ], [ -74.010923, 40.7330521 ], [ -74.0109025, 40.7332692 ], [ -74.0109001, 40.7332949 ], [ -74.0108958, 40.7333491 ], [ -74.0108748, 40.7333506 ], [ -74.01086, 40.733351600000013 ], [ -74.0108466, 40.7333526 ], [ -74.010842, 40.73335380000001 ], [ -74.0107973, 40.7333658 ], [ -74.0107561, 40.73339 ], [ -74.0107265, 40.7334244 ], [ -74.0107185, 40.7334729 ], [ -74.0107239, 40.7335148 ], [ -74.0107512, 40.7335562 ], [ -74.0107863, 40.7335788 ], [ -74.0108208, 40.733589400000028 ], [ -74.0108281, 40.7335916 ], [ -74.0108389, 40.7335931 ], [ -74.0108532, 40.7335952 ], [ -74.0108725, 40.7335979 ], [ -74.0108317, 40.734019600000011 ], [ -74.0108183, 40.734283200000021 ], [ -74.0108009, 40.73446 ], [ -74.0106611, 40.735903 ], [ -74.0106484, 40.7360516 ], [ -74.0106482, 40.73605460000001 ], [ -74.010643700000017, 40.7361092 ], [ -74.0106426, 40.7361232 ], [ -74.010629, 40.7362908 ], [ -74.0106278, 40.7363059 ], [ -74.0106239, 40.7363538 ], [ -74.0104758, 40.7380735 ], [ -74.0104749, 40.7380832 ], [ -74.0104524, 40.7383471 ], [ -74.0104509, 40.738364200000028 ], [ -74.010424, 40.7388012 ], [ -74.010375, 40.7392093 ], [ -74.0105735, 40.739186199999978 ], [ -74.0106637, 40.7391783 ], [ -74.0107324, 40.739171499999983 ], [ -74.0107465, 40.73917010000001 ], [ -74.0108112, 40.739160600000012 ], [ -74.0108606, 40.739162 ], [ -74.0109306, 40.7391709 ], [ -74.0110257, 40.739182299999989 ], [ -74.0111756, 40.7392006 ], [ -74.0113914, 40.739203900000021 ], [ -74.011479, 40.739205899999988 ], [ -74.01155, 40.7392213 ], [ -74.01157480000002, 40.7392578 ], [ -74.0116104, 40.7392813 ], [ -74.0115998, 40.7393735 ], [ -74.0115596, 40.7397227 ], [ -74.0114961, 40.7404326 ], [ -74.0114911, 40.7404887 ], [ -74.0114816, 40.7405871 ], [ -74.0114733, 40.740694800000014 ], [ -74.0114218, 40.7406915 ], [ -74.011400800000018, 40.740710600000014 ], [ -74.0113666, 40.74071940000001 ], [ -74.0113339, 40.74071559999998 ], [ -74.011299, 40.740703 ], [ -74.0112496, 40.7406948 ], [ -74.009863300000021, 40.740636 ], [ -74.0096878, 40.7406007 ], [ -74.009607999346173, 40.740951653478895 ], [ -74.007899643619496, 40.74022911935009 ], [ -74.007414803301415, 40.740892286129629 ], [ -74.000330950150541, 40.737895784959029 ], [ -74.00075522856875, 40.737315539994263 ], [ -73.994543795991987, 40.734687502043727 ], [ -73.996968315799336, 40.731371915205045 ], [ -73.996532459169543, 40.731187487965443 ], [ -73.999683993707336, 40.726877158323262 ], [ -74.002299052849907, 40.727983626026301 ], [ -74.004722942915379, 40.724667872872587 ], [ -74.004287108672699, 40.724483474816402 ], [ -74.007074301307625, 40.720670304224846 ], [ -74.004350499581335, 40.719517844239931 ], [ -74.006592227071636, 40.716450730946356 ], [ -74.005066987733343, 40.715805354565212 ], [ -74.005854589771545, 40.714727719846536 ], [ -74.010866145395866, 40.716848132171513 ], [ -74.010623826242536, 40.717179723130563 ], [ -74.013374915237236, 40.718343572969204 ] ] ] } },
{ "type": "Feature", "properties": { "label": "B10", "width_mm": 112.0, "height_mm": 213.0, "area_km2": 2.0378210267520007, "fill": 0.76995305164319294, "vertices": 25 }, "geometry": { "type": "Polygon", "coordinates": [ [ [ -74.000250944765511, 40.71127102777433 ], [ -74.001667097811506, 40.711870366122348 ], [ -74.001909442218803, 40.71153879378361 ], [ -74.006702748100736, 40.713567183951355 ], [ -74.005066987733343, 40.715805354565212 ], [ -74.006592227071636, 40.716450730946356 ], [ -74.004350499581335, 40.719517844239931 ], [ -74.007074301307625, 40.720670304224846 ], [ -74.004287108672699, 40.724483474816402 ], [ -74.004722942915379, 40.724667872872587 ], [ -74.002299052849907, 40.727983626026301 ], [ -73.999683993707336, 40.726877158323262 ], [ -73.996532459169543, 40.731187487965443 ], [ -73.996968315799336, 40.731371915205045 ], [ -73.996301596904473, 40.732283706825854 ], [ -73.98758484035217, 40.728594797700204 ], [ -73.990979274914167, 40.723953162662418 ], [ -73.990434535871785, 40.723722599785283 ], [ -73.992677045186454, 40.720655759220612 ], [ -73.991914441091538, 40.720332981570827 ], [ -73.995126359343715, 40.715939882477244 ], [ -73.995888928728107, 40.716262639042007 ], [ -73.998130936092053, 40.713195689189142 ], [ -73.998675615722306, 40.713426215977726 ], [ -74.000250944765511, 40.71127102777433 ] ] ] } },
{ "type": "Feature", "properties": { "label": "C10", "width_mm": 163.75, "height_mm": 172.625, "area_km2": 2.2093483625504762, "fill": 0.70449032103252385, "vertices": 107 }, "geometry": { "type": "Polygon", "coordinates": [ [ [ -73.974709627198564, 40.715545441329709 ], [ -73.9749176, 40.7150847 ], [ -73.9751007, 40.7146902 ], [ -73.975249, 40.7143741 ], [ -73.9753907, 40.714076799999987 ], [ -73.9755666, 40.7137047 ], [ -73.9758837, 40.7130283 ], [ -73.9759282, 40.71293330000001 ], [ -73.9760247, 40.7127299 ], [ -73.9761262, 40.71251620000001 ], [ -73.9763225, 40.712103 ], [ -73.9764481, 40.711897 ], [ -73.9765919, 40.7116918 ], [ -73.9767603, 40.711491299999985 ], [ -73.9770097, 40.7112542 ], [ -73.9772292, 40.7110762 ], [ -73.9774449, 40.710914500000015 ], [ -73.9776681, 40.7107614 ], [ -73.97789090000002, 40.7106248 ], [ -73.9779578, 40.71059 ], [ -73.9780307, 40.7105599 ], [ -73.9781142, 40.7105345 ], [ -73.978199100000012, 40.710514 ], [ -73.9782915, 40.7104999 ], [ -73.9786079, 40.71048050000001 ], [ -73.9786904, 40.710475500000015 ], [ -73.979195, 40.7104441 ], [ -73.9803432, 40.71037279999998 ], [ -73.9803352, 40.7102973 ], [ -73.98043, 40.7102913 ], [ -73.981173, 40.710244299999978 ], [ -73.9812994, 40.710234100000015 ], [ -73.9812473, 40.7098358 ], [ -73.9813335, 40.7098271 ], [ -73.9835151, 40.7096155 ], [ -73.9841868, 40.709549300000013 ], [ -73.9881667, 40.709159699999987 ], [ -73.9883731, 40.7091377 ], [ -73.988416, 40.7091366 ], [ -73.9884526, 40.7091443 ], [ -73.9884773, 40.709161800000011 ], [ -73.9884985, 40.7091902 ], [ -73.9886265, 40.709857 ], [ -73.988573800000012, 40.7098634 ], [ -73.9884968, 40.7098733 ], [ -73.9883955, 40.7098854 ], [ -73.9884032, 40.709899499999977 ], [ -73.9884027, 40.7099596 ], [ -73.988422, 40.7099758 ], [ -73.9884165, 40.71001480000001 ], [ -73.9885302, 40.7099597 ], [ -73.9885994, 40.709926200000012 ], [ -73.988614400000017, 40.709918899999977 ], [ -73.9886412, 40.7099228 ], [ -73.988668, 40.709932 ], [ -73.9886908, 40.709946 ], [ -73.9887068, 40.7099616 ], [ -73.9887188, 40.70998250000001 ], [ -73.9891497, 40.7099353 ], [ -73.9893756, 40.709908 ], [ -73.9895306, 40.7098893 ], [ -73.9895831, 40.709882 ], [ -73.9897529, 40.7098586 ], [ -73.9899124, 40.709836499999987 ], [ -73.9899386, 40.7098329 ], [ -73.9904377, 40.7097569 ], [ -73.9906024, 40.709732700000018 ], [ -73.99080050000002, 40.709703600000012 ], [ -73.9908077, 40.7097025 ], [ -73.9911995, 40.709644800000014 ], [ -73.9914114, 40.709615300000024 ], [ -73.9915727, 40.7095928 ], [ -73.9916672, 40.7095796 ], [ -73.9916939, 40.7095756 ], [ -73.9921208, 40.7095128 ], [ -73.992506, 40.709455700000014 ], [ -73.992892, 40.709392800000018 ], [ -73.9929787, 40.7093787 ], [ -73.9930613, 40.7093669 ], [ -73.9933789, 40.7093217 ], [ -73.9934231, 40.7093154 ], [ -73.9934627, 40.7093088 ], [ -73.9936353, 40.7092799 ], [ -73.9937667, 40.709258 ], [ -73.9938038, 40.7092567 ], [ -73.99388110000001, 40.709254100000017 ], [ -73.9940548, 40.709248800000026 ], [ -73.9941651, 40.709236700000012 ], [ -73.994223500000018, 40.7092303 ], [ -73.9944461, 40.7091979 ], [ -73.9953205, 40.709048399999986 ], [ -73.9960082, 40.708954 ], [ -73.996740905058914, 40.708853179298792 ], [ -73.996220494715999, 40.709565123021108 ], [ -74.000250944765511, 40.71127102777433 ], [ -73.998675615722306, 40.713426215977726 ], [ -73.998130936092053, 40.713195689189142 ], [ -73.995888928728107, 40.716262639042007 ], [ -73.995126359343715, 40.715939882477244 ], [ -73.991914441091538, 40.720332981570827 ], [ -73.992677045186454, 40.720655759220612 ], [ -73.990434535871785, 40.723722599785283 ], [ -73.990979274914167, 40.723953162662418 ], [ -73.990312548300182, 40.724864920530905 ], [ -73.977675453814712, 40.719515123766598 ], [ -73.979190986443612, 40.717443105880655 ], [ -73.974709627198564, 40.715545441329709 ] ] ] } },
{ "type": "Feature", "properties": { "label": "B11", "width_mm": 190.25, "height_mm": 170.0, "area_km2": 2.1736878713648675, "fill": 0.60578627140361518, "vertices": 583 }, "geometry": { "type": "Polygon", "coordinates": [ [ [ -73.9968127, 40.708843299999984 ], [ -73.9970897, 40.7087927 ], [ -73.9972572, 40.708757299999988 ], [ -73.9974779, 40.7087074 ], [ -73.9978539, 40.708605400000017 ], [ -73.9981099, 40.7085272 ], [ -73.9983053, 40.7084579 ], [ -73.9985481, 40.7083566 ], [ -73.9989024, 40.708186499999989 ], [ -73.9989052, 40.70816 ], [ -73.9989203, 40.7081334 ], [ -73.99895, 40.708094399999986 ], [ -73.9989806, 40.7080615 ], [ -73.9990185, 40.708032699999983 ], [ -73.9990655, 40.708003 ], [ -73.9992344, 40.70791160000001 ], [ -73.999377, 40.70788 ], [ -73.9994856, 40.7078425 ], [ -73.9995625, 40.707803800000015 ], [ -73.9996849, 40.707751099999989 ], [ -73.9999856, 40.7076316 ], [ -73.99996, 40.7076014 ], [ -73.9999554, 40.707584699999984 ], [ -73.999955, 40.7075636 ], [ -73.99996, 40.707547 ], [ -73.9999687, 40.70752940000002 ], [ -73.9999844, 40.70751090000001 ], [ -74.0000044, 40.707497 ], [ -74.0002055, 40.707376600000025 ], [ -74.0004072, 40.7072634 ], [ -74.0008144, 40.7070785 ], [ -74.0011959, 40.7068686 ], [ -74.0012727, 40.7069415 ], [ -74.0014173, 40.7068703 ], [ -74.0013983, 40.7068514 ], [ -74.0012826, 40.7067285 ], [ -74.0012497, 40.706745400000017 ], [ -74.0011696, 40.7066632 ], [ -74.0012057, 40.706642800000012 ], [ -74.0009939, 40.7064243 ], [ -74.0014126, 40.7061802 ], [ -74.001205, 40.7059924 ], [ -74.0005852, 40.705432 ], [ -74.001026100000018, 40.7051496 ], [ -74.0010574, 40.70512810000001 ], [ -74.0011298, 40.7051948 ], [ -74.0011684, 40.705229800000019 ], [ -74.00127040000001, 40.705165200000025 ], [ -74.0012316, 40.705130100000012 ], [ -74.0011578, 40.7050698 ], [ -74.0014619, 40.704865 ], [ -74.0020717, 40.7054191 ], [ -74.0021691, 40.7053604 ], [ -74.0025846, 40.7055278 ], [ -74.0026997, 40.7054557 ], [ -74.002444, 40.705226900000021 ], [ -74.0023952, 40.7051833 ], [ -74.0023744, 40.7051661 ], [ -74.0024227, 40.705135399999989 ], [ -74.0022649, 40.704993900000019 ], [ -74.002258600000019, 40.704988200000017 ], [ -74.0022524, 40.7049827 ], [ -74.0019737, 40.7047326 ], [ -74.0021704, 40.7046043 ], [ -74.0022833, 40.704705400000016 ], [ -74.0022948, 40.7047157 ], [ -74.0023051, 40.7047241 ], [ -74.0033258, 40.7056364 ], [ -74.0036174, 40.7054506 ], [ -74.0038425, 40.705304 ], [ -74.003855, 40.7052957 ], [ -74.0040404, 40.70517310000001 ], [ -74.0040504, 40.7051665 ], [ -74.004145300000019, 40.705108600000017 ], [ -74.0042549, 40.7050365 ], [ -74.0042703, 40.7050263 ], [ -74.0044481, 40.7049046 ], [ -74.0045679, 40.704822700000015 ], [ -74.0047929, 40.7046706 ], [ -74.0049102, 40.70459610000001 ], [ -74.0049875, 40.7045479 ], [ -74.0050932, 40.704482 ], [ -74.0052327, 40.704395100000013 ], [ -74.0055916, 40.704164200000022 ], [ -74.0056661, 40.7041162 ], [ -74.0058045, 40.7040271 ], [ -74.0058811, 40.703977899999984 ], [ -74.0059351, 40.7039423 ], [ -74.005947600000013, 40.7039533 ], [ -74.0059589, 40.7039632 ], [ -74.0059862, 40.7039872 ], [ -74.0059938, 40.7039939 ], [ -74.0060012, 40.704000499999985 ], [ -74.0060151, 40.704013599999989 ], [ -74.0060193, 40.704017400000012 ], [ -74.0060498, 40.704044500000016 ], [ -74.006054, 40.7040481 ], [ -74.0060909, 40.7040233 ], [ -74.0061165, 40.7040066 ], [ -74.00614370000001, 40.703989100000022 ], [ -74.0063497, 40.7038566 ], [ -74.0063577, 40.703851400000012 ], [ -74.0064283, 40.703806 ], [ -74.0064394, 40.7037992 ], [ -74.0065927, 40.703705200000016 ], [ -74.0067222, 40.7036259 ], [ -74.0067849, 40.703588100000012 ], [ -74.0075338, 40.7031249 ], [ -74.0076999, 40.7028637 ], [ -74.0077274, 40.702847 ], [ -74.00912510000002, 40.7019948 ], [ -74.0093009, 40.701934300000019 ], [ -74.0093258, 40.701926299999982 ], [ -74.0093552, 40.7019168 ], [ -74.0093753, 40.7019102 ], [ -74.0094962, 40.7018708 ], [ -74.0095346, 40.7018582 ], [ -74.0095772, 40.7018444 ], [ -74.0100371, 40.7017218 ], [ -74.0104073, 40.7016246 ], [ -74.0108482, 40.7015171 ], [ -74.0109606, 40.701492 ], [ -74.0110668, 40.7014676 ], [ -74.0111492, 40.7014638 ], [ -74.0111862, 40.701461500000015 ], [ -74.0111201, 40.7012886 ], [ -74.0112925, 40.70125339999997 ], [ -74.0112174, 40.7010562 ], [ -74.0111338, 40.701076200000017 ], [ -74.0110729, 40.7009136 ], [ -74.0111162, 40.7009019 ], [ -74.0110828, 40.7008265 ], [ -74.0107926, 40.7001922 ], [ -74.0108269, 40.7001814 ], [ -74.0111597, 40.7009097 ], [ -74.0113639, 40.7008642 ], [ -74.0113076, 40.7006117 ], [ -74.0113103, 40.7005921 ], [ -74.0113265, 40.700578500000013 ], [ -74.0113528, 40.700571800000013 ], [ -74.0113772, 40.700575499999985 ], [ -74.0113925, 40.700588 ], [ -74.0114129, 40.7006377 ], [ -74.0114328, 40.7006811 ], [ -74.0115106, 40.7008252 ], [ -74.0116105, 40.7008035 ], [ -74.0117224, 40.7007782 ], [ -74.0117093, 40.700732600000016 ], [ -74.011684500000015, 40.7006598 ], [ -74.0116158, 40.7004984 ], [ -74.0116188, 40.7004782 ], [ -74.0116319, 40.7004641 ], [ -74.0116528, 40.700459400000014 ], [ -74.0116766, 40.700460700000015 ], [ -74.0117052, 40.7004758 ], [ -74.0117167, 40.700471200000017 ], [ -74.0117615, 40.700548200000014 ], [ -74.0118648, 40.7007508 ], [ -74.0120537, 40.700705 ], [ -74.0120702, 40.700701 ], [ -74.012084, 40.7006976 ], [ -74.012134, 40.7006855 ], [ -74.0121307, 40.70067310000001 ], [ -74.0121917, 40.7006595 ], [ -74.012208, 40.7007023 ], [ -74.0122012, 40.7007037 ], [ -74.012253, 40.700838099999984 ], [ -74.0122355, 40.7008502 ], [ -74.0122561, 40.7009005 ], [ -74.0122004, 40.7009148 ], [ -74.0123001, 40.7011921 ], [ -74.012414, 40.7011669 ], [ -74.0124715, 40.701153500000011 ], [ -74.0122976, 40.700712199999984 ], [ -74.0123104, 40.7007099 ], [ -74.0122847, 40.700638900000015 ], [ -74.0123104, 40.700633200000013 ], [ -74.0122395, 40.7004928 ], [ -74.0121806, 40.700377 ], [ -74.0120724, 40.7002031 ], [ -74.011941, 40.7002572 ], [ -74.01189, 40.7000795 ], [ -74.0119644, 40.700047900000015 ], [ -74.0120396, 40.7000594 ], [ -74.012158, 40.7001946 ], [ -74.0122491, 40.7003556 ], [ -74.012399, 40.7006636 ], [ -74.0126026, 40.700619 ], [ -74.0125986, 40.700552500000015 ], [ -74.012595100000013, 40.7005219 ], [ -74.0125886, 40.700480699999986 ], [ -74.0125779, 40.7004187 ], [ -74.0125278, 40.700204300000017 ], [ -74.0125246, 40.700186300000013 ], [ -74.012522, 40.7001708 ], [ -74.0125249, 40.700156600000021 ], [ -74.0125368, 40.700143500000017 ], [ -74.012597, 40.7001239 ], [ -74.0126098, 40.700121 ], [ -74.0126269, 40.700122 ], [ -74.0126449, 40.7001291 ], [ -74.0127338, 40.700232800000016 ], [ -74.0127951, 40.700308700000015 ], [ -74.0128615, 40.7004136 ], [ -74.012909, 40.700556400000018 ], [ -74.013026, 40.7005491 ], [ -74.0131254, 40.700542 ], [ -74.0131297, 40.7003941 ], [ -74.0131136, 40.70026270000001 ], [ -74.013095, 40.700137199999986 ], [ -74.0130314, 40.6998711 ], [ -74.0130217, 40.6998414 ], [ -74.0130227, 40.699821 ], [ -74.0130294, 40.6998025 ], [ -74.0130458, 40.6997875 ], [ -74.0130723, 40.6997807 ], [ -74.0131028, 40.6997802 ], [ -74.01313, 40.6997906 ], [ -74.0131446, 40.6998087 ], [ -74.0131521, 40.699825499999989 ], [ -74.0131602, 40.699888799999989 ], [ -74.0131819, 40.7000909 ], [ -74.0132012, 40.700260700000015 ], [ -74.0132079, 40.7002956 ], [ -74.0132229, 40.7003716 ], [ -74.013287, 40.7005277 ], [ -74.013484, 40.7005127 ], [ -74.0134894, 40.7002921 ], [ -74.013492, 40.700272499999983 ], [ -74.0134968, 40.700255400000025 ], [ -74.0135939, 40.7001017 ], [ -74.0136783, 40.70012770000001 ], [ -74.0136118, 40.7002439 ], [ -74.0135631, 40.7002368 ], [ -74.0135592, 40.700254 ], [ -74.0135541, 40.700289900000016 ], [ -74.0135498, 40.7003377 ], [ -74.0135505, 40.700387 ], [ -74.0135546, 40.7004261 ], [ -74.013558, 40.700467300000028 ], [ -74.0135831, 40.70046540000002 ], [ -74.0135884, 40.7005078 ], [ -74.0135522, 40.700509 ], [ -74.0135782, 40.7006929 ], [ -74.0135565, 40.700694900000016 ], [ -74.0135725, 40.7008324 ], [ -74.0135873, 40.700960200000011 ], [ -74.0138922, 40.701002600000017 ], [ -74.0139494, 40.7010106 ], [ -74.0139548, 40.701011300000019 ], [ -74.0140012, 40.7008702 ], [ -74.0141014, 40.7005647 ], [ -74.0141279, 40.700578 ], [ -74.0146488, 40.7008364 ], [ -74.0146562, 40.7008277 ], [ -74.0148211, 40.7009065 ], [ -74.0148297, 40.700896100000016 ], [ -74.0150255, 40.700997 ], [ -74.015138, 40.7008491 ], [ -74.0156798, 40.7012755 ], [ -74.0157066, 40.7012989 ], [ -74.0161079, 40.7016281 ], [ -74.0161415, 40.7016586 ], [ -74.0165153, 40.7020281 ], [ -74.0165278, 40.7020413 ], [ -74.0165358, 40.7020497 ], [ -74.0168948, 40.7024281 ], [ -74.0169147, 40.702449100000024 ], [ -74.0172279, 40.702815100000016 ], [ -74.0172629, 40.702856 ], [ -74.017408, 40.7030346 ], [ -74.0174956, 40.7031607 ], [ -74.017523, 40.703207399999989 ], [ -74.0175512, 40.7032631 ], [ -74.0175775, 40.7033174 ], [ -74.017598600000014, 40.7033688 ], [ -74.0176203, 40.7034289 ], [ -74.0176328, 40.703461 ], [ -74.0176453, 40.7034978 ], [ -74.017663, 40.7035982 ], [ -74.0177686, 40.703588 ], [ -74.017762, 40.7035599 ], [ -74.0178713, 40.7035453 ], [ -74.0178901, 40.703625800000012 ], [ -74.0177807, 40.7036404 ], [ -74.0177728, 40.703606399999984 ], [ -74.0176668, 40.7036167 ], [ -74.017674, 40.703713700000016 ], [ -74.0176739, 40.7038028 ], [ -74.0176647, 40.7038939 ], [ -74.0176371, 40.703998900000016 ], [ -74.0176271, 40.704029 ], [ -74.0175766, 40.704167900000016 ], [ -74.0175679, 40.7041919 ], [ -74.0177988, 40.7042444 ], [ -74.0178615, 40.7040831 ], [ -74.0177564, 40.7040592 ], [ -74.0177757, 40.7040123 ], [ -74.0177836, 40.70399290000001 ], [ -74.0177985, 40.703956699999985 ], [ -74.0178023, 40.7039523 ], [ -74.0178073, 40.7039489 ], [ -74.0178136, 40.703947 ], [ -74.0178203, 40.7039467 ], [ -74.0178268, 40.7039482 ], [ -74.0178322, 40.7039512 ], [ -74.017836, 40.7039554 ], [ -74.0178378, 40.7039604 ], [ -74.0178384, 40.7039657 ], [ -74.01781, 40.7040394 ], [ -74.0179157, 40.7040639 ], [ -74.0179482, 40.7039835 ], [ -74.0179562, 40.7039857 ], [ -74.0178464, 40.704249600000011 ], [ -74.0180804, 40.7042199 ], [ -74.0180832, 40.7042295 ], [ -74.0181964, 40.7042146 ], [ -74.0181943, 40.7042041 ], [ -74.018442, 40.7041731 ], [ -74.0186718, 40.7044413 ], [ -74.0175125, 40.7045819 ], [ -74.0174667, 40.704696599999984 ], [ -74.0180795, 40.7046472 ], [ -74.0181188, 40.704554 ], [ -74.0182132, 40.7045758 ], [ -74.0188504, 40.7047201 ], [ -74.0188793, 40.7047301 ], [ -74.0189029, 40.704741399999989 ], [ -74.0189237, 40.7047597 ], [ -74.0192238, 40.7057235 ], [ -74.0193088, 40.7059663 ], [ -74.0193391, 40.7060807 ], [ -74.0192889, 40.7063301 ], [ -74.0192436, 40.70650160000001 ], [ -74.0192429, 40.70650449999998 ], [ -74.0192206, 40.706598300000017 ], [ -74.0192192, 40.706604399999989 ], [ -74.0191227, 40.7069792 ], [ -74.0191097, 40.70699680000002 ], [ -74.0190899, 40.70701050000001 ], [ -74.0190637, 40.7070159 ], [ -74.0190378, 40.7070157 ], [ -74.0189537, 40.7069994 ], [ -74.0189358, 40.7070384 ], [ -74.01891550000002, 40.7070641 ], [ -74.0188922, 40.707082199999981 ], [ -74.0188643, 40.70710170000001 ], [ -74.0188336, 40.7071171 ], [ -74.0188061, 40.7071297 ], [ -74.0187718, 40.707139399999974 ], [ -74.0187358, 40.7071442 ], [ -74.0186982, 40.707146100000017 ], [ -74.0186366, 40.7071389 ], [ -74.0186507, 40.7070877 ], [ -74.018683200000012, 40.7070928 ], [ -74.0187078, 40.7070943 ], [ -74.0187355, 40.7070918 ], [ -74.0187627, 40.7070851 ], [ -74.0187494, 40.7070572 ], [ -74.0187795, 40.7070459 ], [ -74.0188061, 40.707031799999989 ], [ -74.0188274, 40.707013599999989 ], [ -74.0188435, 40.706996299999986 ], [ -74.0188502, 40.7069784 ], [ -74.0188111, 40.7069694 ], [ -74.0187979, 40.7069844 ], [ -74.0187851, 40.706994399999978 ], [ -74.0187657, 40.707004200000014 ], [ -74.0187493, 40.70700930000001 ], [ -74.0187291, 40.707010400000016 ], [ -74.0187062, 40.7070122 ], [ -74.0186847, 40.707018599999984 ], [ -74.018669, 40.7070216 ], [ -74.018652, 40.7070212 ], [ -74.0186378, 40.707017900000032 ], [ -74.0186234, 40.707010300000015 ], [ -74.0186125, 40.7069998 ], [ -74.0186046, 40.7069869 ], [ -74.0185994, 40.706975700000015 ], [ -74.0185944, 40.7069672 ], [ -74.0185868, 40.7069563 ], [ -74.0185789, 40.7069479 ], [ -74.0185721, 40.7069367 ], [ -74.0185694, 40.7069263 ], [ -74.0185692, 40.7069136 ], [ -74.0185377, 40.706906200000027 ], [ -74.0181794, 40.707829600000011 ], [ -74.0186894, 40.7079395 ], [ -74.0186833, 40.7079569 ], [ -74.0188184, 40.707988800000017 ], [ -74.018842, 40.7079992 ], [ -74.0188561, 40.7080143 ], [ -74.0188604, 40.708032700000011 ], [ -74.0188582, 40.7080536 ], [ -74.0187994, 40.70827 ], [ -74.0184065, 40.7098588 ], [ -74.0183273, 40.710175800000016 ], [ -74.0182525, 40.7104748 ], [ -74.0181032, 40.711074600000011 ], [ -74.0179891, 40.711676 ], [ -74.0179493, 40.7118925 ], [ -74.017926, 40.71201880000001 ], [ -74.0179024, 40.712147 ], [ -74.0178787, 40.712275699999985 ], [ -74.0178707, 40.7123194 ], [ -74.0178629, 40.7123626 ], [ -74.0177829, 40.7128066 ], [ -74.0177779, 40.7128356 ], [ -74.0177716, 40.7128472 ], [ -74.0177594, 40.7128528 ], [ -74.0177465, 40.712854 ], [ -74.0177353, 40.712850599999982 ], [ -74.017728800000015, 40.7128447 ], [ -74.0177282, 40.7128314 ], [ -74.0177327, 40.712801400000018 ], [ -74.0177262, 40.712800699999988 ], [ -74.0178063, 40.7123547 ], [ -74.0175576, 40.71231490000001 ], [ -74.0174803, 40.7123025 ], [ -74.017244, 40.7122646 ], [ -74.017177, 40.7122537 ], [ -74.0170362, 40.7122315 ], [ -74.016935, 40.712215400000012 ], [ -74.0166642, 40.7121723 ], [ -74.0166299, 40.7121671 ], [ -74.0165521, 40.7124721 ], [ -74.016569, 40.7125018 ], [ -74.0165967, 40.7125565 ], [ -74.0166161, 40.7126229 ], [ -74.0166267, 40.7126834 ], [ -74.0166259, 40.7127425 ], [ -74.0166175, 40.712799300000022 ], [ -74.0166064, 40.7128445 ], [ -74.0165868, 40.712890700000017 ], [ -74.0165587, 40.7129451 ], [ -74.0165188, 40.713001499999983 ], [ -74.016475, 40.713048899999983 ], [ -74.0164049, 40.713108 ], [ -74.0163325, 40.7134127 ], [ -74.0163806, 40.7134199 ], [ -74.0166519, 40.713460600000033 ], [ -74.0168143, 40.713482 ], [ -74.0169165, 40.7134954 ], [ -74.017233, 40.7135448 ], [ -74.0175804, 40.7136051 ], [ -74.0176689, 40.7131154 ], [ -74.0176751, 40.713116 ], [ -74.0176808, 40.7130813 ], [ -74.0176863, 40.7130729 ], [ -74.0176962, 40.7130681 ], [ -74.0177082, 40.713067 ], [ -74.0177174, 40.713069600000011 ], [ -74.0177267, 40.7130758 ], [ -74.0177287, 40.7130876 ], [ -74.0177224, 40.713120900000021 ], [ -74.0176958, 40.71326950000001 ], [ -74.0176759, 40.71338 ], [ -74.0176567, 40.713487099999988 ], [ -74.0176336, 40.713614900000024 ], [ -74.0176252, 40.7136625 ], [ -74.0176214, 40.71368540000001 ], [ -74.0176081, 40.713768099999989 ], [ -74.0175138, 40.7142752 ], [ -74.0174854, 40.7144279 ], [ -74.0174628, 40.7145492 ], [ -74.0174402, 40.7146709 ], [ -74.0174195, 40.714782 ], [ -74.0174157, 40.7148025 ], [ -74.0174084, 40.7148424 ], [ -74.0174019, 40.714877800000011 ], [ -74.0173966, 40.7149056 ], [ -74.0173756, 40.715019099999971 ], [ -74.0173712, 40.715043400000035 ], [ -74.0173632, 40.715086600000014 ], [ -74.0173557, 40.7151255 ], [ -74.0173509, 40.715152100000012 ], [ -74.0173273, 40.715281 ], [ -74.0173044, 40.715406600000016 ], [ -74.0172812, 40.715533199999989 ], [ -74.0172581, 40.715658900000022 ], [ -74.0172352, 40.715783400000014 ], [ -74.0172125, 40.715907 ], [ -74.0171888, 40.7160356 ], [ -74.017186341919569, 40.716049003914826 ], [ -74.0171654, 40.7161632 ], [ -74.0171424, 40.7162884 ], [ -74.0171186, 40.716417800000016 ], [ -74.0170952, 40.716545299999986 ], [ -74.017073, 40.716666 ], [ -74.0170492, 40.7167957 ], [ -74.0170258, 40.7169229 ], [ -74.0170032, 40.7170458 ], [ -74.0169799, 40.7171725 ], [ -74.0169566, 40.7172996 ], [ -74.0169335, 40.7174253 ], [ -74.0169105, 40.7175504 ], [ -74.0168869, 40.717678700000015 ], [ -74.0168632, 40.7178079 ], [ -74.01684, 40.717934 ], [ -74.0168168, 40.7180604 ], [ -74.0167936, 40.7181869 ], [ -74.0167701, 40.7183147 ], [ -74.0167459, 40.718446100000016 ], [ -74.0167244, 40.7185632 ], [ -74.0167165, 40.7186097 ], [ -74.0167113, 40.718634499999986 ], [ -74.0167025, 40.7186476 ], [ -74.0166941, 40.7186565 ], [ -74.0166832, 40.7186629 ], [ -74.0166653, 40.7186695 ], [ -74.0166393, 40.718671300000011 ], [ -74.0166149, 40.718668 ], [ -74.01644570000002, 40.7186456 ], [ -74.0162881, 40.7186248 ], [ -74.016123800000017, 40.718603100000017 ], [ -74.01595540000001, 40.7185819 ], [ -74.0159513, 40.718598 ], [ -74.0158209, 40.7185798 ], [ -74.0156795, 40.718560100000012 ], [ -74.0156829, 40.7185441 ], [ -74.0155189, 40.7185221 ], [ -74.0153557, 40.7185002 ], [ -74.0151839, 40.7184772 ], [ -74.0150109, 40.718454 ], [ -74.0149949, 40.718523 ], [ -74.0149868, 40.718537700000013 ], [ -74.0149703, 40.7185497 ], [ -74.0149466, 40.7185524 ], [ -74.0149214, 40.71855 ], [ -74.013374915237236, 40.718343572969204 ], [ -74.010623826242536, 40.717179723130563 ], [ -74.010866145395866, 40.716848132171513 ], [ -74.005854589771545, 40.714727719846536 ], [ -74.006702748100736, 40.713567183951355 ], [ -74.001909442218803, 40.71153879378361 ], [ -74.001667097811506, 40.711870366122348 ], [ -73.996220494715999, 40.709565123021108 ], [ -73.996740905058914, 40.708853179298792 ], [ -73.9968127, 40.708843299999984 ] ], [ [ -74.0182871, 40.7044288 ], [ -74.0182063, 40.704438899999985 ], [ -74.0182116, 40.704464300000012 ], [ -74.0182925, 40.7044547 ], [ -74.0182871, 40.7044288 ] ], [ [ -74.0182495, 40.704255 ], [ -74.0181718, 40.70426530000001 ], [ -74.0181831, 40.704314 ], [ -74.0182609, 40.704304200000038 ], [ -74.0182495, 40.704255 ] ], [ [ -74.0181623, 40.704444399999986 ], [ -74.0180407, 40.704459600000014 ], [ -74.0180464, 40.7044853 ], [ -74.0181679, 40.70447 ], [ -74.0181623, 40.704444399999986 ] ], [ [ -74.0181256, 40.7042712 ], [ -74.0180069, 40.704287300000018 ], [ -74.0180177, 40.7043347 ], [ -74.0181379, 40.7043196 ], [ -74.0181256, 40.7042712 ] ], [ [ -74.0179548, 40.704470400000012 ], [ -74.017833, 40.7044857 ], [ -74.0178387, 40.704512 ], [ -74.0179605, 40.7044969 ], [ -74.0179548, 40.704470400000012 ] ], [ [ -74.0179181, 40.7042983 ], [ -74.0178166, 40.704312 ], [ -74.0178012, 40.704351899999978 ], [ -74.0174948, 40.704389099999979 ], [ -74.017489, 40.7044009 ], [ -74.0175043, 40.7043989 ], [ -74.0176389, 40.704382099999982 ], [ -74.0179288, 40.7043458 ], [ -74.0179181, 40.7042983 ] ], [ [ -74.0177887, 40.704491200000014 ], [ -74.0177088, 40.7045012 ], [ -74.0177149, 40.7045279 ], [ -74.0177947, 40.7045175 ], [ -74.0177887, 40.704491200000014 ] ], [ [ -74.0175491, 40.704255299999986 ], [ -74.0175068, 40.7043548 ], [ -74.0177693, 40.704322 ], [ -74.0177763, 40.7043034 ], [ -74.0175491, 40.704255299999986 ] ] ] } }
]
}
